parameter,mean,sd,hdi_3%,hdi_97%,mcse_mean,mcse_sd,ess_bulk,ess_tail,r_hat,index,par_type,item
G_diff,0.747,0.135,0.49,0.996,0.001,0.001,9810,12380,1,,item,
a,-0.297,0.041,-0.374,-0.219,0.001,0,2362,6186,1,3,item,G1189
a,-0.286,0.031,-0.344,-0.23,0.001,0,1465,4162,1,13,item,G1948
a,-0.132,0.037,-0.202,-0.064,0.001,0,2093,5634,1,32,item,M7949
a,-2.275,0.131,-2.526,-2.037,0.001,0.001,14535,14022,1,12,item,G1920
a,-0.428,0.044,-0.509,-0.346,0.001,0,2688,8520,1,1,item,C1084
a,-1.128,0.066,-1.256,-1.007,0.001,0,6157,11408,1,2,item,C47
a,-0.298,0.04,-0.374,-0.222,0.001,0,2467,6680,1,5,item,G1210
a,-0.107,0.029,-0.161,-0.051,0.001,0,1232,4291,1.01,19,item,G2352
a,-0.205,0.032,-0.265,-0.145,0.001,0,1453,4444,1,25,item,M1571
a,-0.377,0.037,-0.448,-0.31,0.001,0,1994,6110,1,33,item,M811
a,-1.056,0.054,-1.16,-0.957,0.001,0,4345,9484,1,0,item,C1039
a,0.076,0.031,0.018,0.133,0.001,0,1272,4161,1,9,item,G1631
a,-0.998,0.047,-1.086,-0.911,0.001,0,3080,8202,1,15,item,G2063
a,-0.999,0.049,-1.093,-0.908,0.001,0,3289,7629,1,21,item,G410
a,-0.408,0.046,-0.496,-0.324,0.001,0,3124,7735,1,29,item,M5680
a,0.114,0.029,0.059,0.17,0.001,0,1296,3717,1,8,item,G1588
a,-0.232,0.03,-0.287,-0.174,0.001,0,1323,4202,1,10,item,G1799
a,-0.141,0.029,-0.195,-0.086,0.001,0,1154,4111,1.01,14,item,G2006
a,-0.441,0.039,-0.518,-0.372,0.001,0,2179,6282,1,24,item,G938
a,-0.174,0.034,-0.237,-0.108,0.001,0,1612,5046,1,7,item,G1472
a,-0.474,0.031,-0.53,-0.415,0.001,0,1329,4162,1,16,item,G2268
a,0.003,0.028,-0.05,0.054,0.001,0,1142,3435,1.01,18,item,G2346
a,-0.313,0.043,-0.394,-0.233,0.001,0,2610,6801,1,26,item,M3453
a,-1.026,0.051,-1.127,-0.933,0.001,0,3737,8023,1,11,item,G181
a,-0.067,0.033,-0.13,-0.006,0.001,0,1504,4999,1,17,item,G2341
a,-0.307,0.037,-0.376,-0.239,0.001,0,1958,6059,1,20,item,G2404
a,-0.143,0.029,-0.198,-0.088,0.001,0,1273,3778,1.01,27,item,M3924
a,-0.106,0.031,-0.164,-0.048,0.001,0,1461,3927,1,4,item,G1190
a,-0.506,0.029,-0.561,-0.452,0.001,0,1207,3495,1.01,22,item,G584
a,-0.875,0.048,-0.963,-0.784,0.001,0,3392,8303,1,23,item,G794
a,-0.428,0.039,-0.5,-0.354,0.001,0,2007,5607,1,30,item,M5839
a,-0.246,0.03,-0.305,-0.193,0.001,0,1256,4190,1.01,34,item,M8907
b,0.312,0.015,0.286,0.34,0,0,21538,15516,1,3,item,G1189
b,1.13,0.015,1.102,1.158,0,0,31123,15028,1,13,item,G1948
b,0.063,0.003,0.057,0.069,0,0,29721,15485,1,32,item,M7949
b,-0.399,0.029,-0.454,-0.345,0,0,20535,15620,1,12,item,G1920
b,0.523,0.013,0.5,0.549,0,0,27347,14813,1,1,item,C1084
b,0.015,0.032,-0.043,0.075,0,0,15319,14612,1,2,item,C47
b,0.271,0.006,0.259,0.282,0,0,33390,13784,1,5,item,G1210
b,-1.017,0.029,-1.072,-0.963,0,0,22707,14601,1,19,item,G2352
b,0.113,0.015,0.083,0.141,0,0,23889,14992,1,25,item,M1571
b,0.199,0.014,0.173,0.227,0,0,21933,14188,1,33,item,M811
b,1.457,0.031,1.399,1.516,0,0,15203,15716,1,0,item,C1039
b,0.137,0.013,0.112,0.161,0,0,28156,15038,1,9,item,G1631
b,-1.374,0.064,-1.5,-1.26,0,0,27211,15837,1,15,item,G2063
b,0.154,0.009,0.138,0.17,0,0,26990,14889,1,21,item,G410
b,0.266,0.025,0.219,0.314,0,0,20582,15827,1,29,item,M5680
b,-1.39,0.023,-1.432,-1.346,0,0,27555,15358,1,8,item,G1588
b,1.649,0.024,1.605,1.696,0,0,30869,14405,1,10,item,G1799
b,0.478,0.034,0.417,0.544,0,0,28935,13723,1,14,item,G2006
b,-0.632,0.022,-0.673,-0.591,0,0,29431,14271,1,24,item,G938
b,-0.026,0.002,-0.03,-0.021,0,0,30695,14052,1,7,item,G1472
b,1.044,0.013,1.019,1.069,0,0,31035,14622,1,16,item,G2268
b,-0.933,0.017,-0.965,-0.901,0,0,31556,15118,1,18,item,G2346
b,0.488,0.014,0.463,0.514,0,0,24820,15610,1,26,item,M3453
b,0.279,0.018,0.245,0.314,0,0,21618,15351,1,11,item,G181
b,0.325,0.023,0.282,0.37,0,0,26063,15418,1,17,item,G2341
b,0.145,0.006,0.134,0.156,0,0,19514,14924,1,20,item,G2404
b,-0.08,0.021,-0.12,-0.042,0,0,27307,14261,1,27,item,M3924
b,-0.365,0.013,-0.389,-0.338,0,0,30358,14003,1,4,item,G1190
b,-1.222,0.06,-1.334,-1.11,0,0,30909,14779,1,22,item,G584
b,0.956,0.008,0.941,0.97,0,0,30935,14640,1,23,item,G794
b,1.216,0.009,1.2,1.232,0,0,33469,14763,1,30,item,M5839
b,-0.744,0.021,-0.785,-0.706,0,0,29768,14552,1,34,item,M8907
d,-0.789,0.026,-0.838,-0.74,0,0,20306,15560,1,3,item,G1189
d,-0.393,0.017,-0.424,-0.361,0,0,29337,13820,1,13,item,G1948
d,-2.621,0.033,-2.685,-2.559,0,0,29825,14530,1,32,item,M7949
d,-1.421,0.075,-1.564,-1.282,0,0.001,29880,12281,1,12,item,G1920
d,-0.571,0.017,-0.602,-0.54,0,0,28967,14838,1,1,item,C1084
d,-0.493,0.035,-0.559,-0.428,0,0,18199,14551,1,2,item,C47
d,-1.548,0.023,-1.59,-1.502,0,0,27109,14331,1,5,item,G1210
d,-0.631,0.038,-0.702,-0.558,0,0,31270,14223,1,19,item,G2352
d,-1.49,0.05,-1.586,-1.4,0,0,28045,14352,1,25,item,M1571
d,-0.794,0.022,-0.835,-0.753,0,0,33547,12750,1,33,item,M811
d,-0.565,0.034,-0.631,-0.501,0,0,22071,14455,1,0,item,C1039
d,-1.439,0.047,-1.525,-1.351,0,0,24131,14245,1,9,item,G1631
d,0.568,0.025,0.522,0.616,0,0,30346,13110,1,15,item,G2063
d,-1.578,0.032,-1.636,-1.517,0,0,25525,14559,1,21,item,G410
d,-0.936,0.043,-1.018,-0.857,0,0,22300,14745,1,29,item,M5680
d,0.059,0.016,0.028,0.09,0,0,28684,14729,1,8,item,G1588
d,0.049,0.017,0.016,0.081,0,0,30908,14569,1,10,item,G1799
d,0.209,0.023,0.165,0.253,0,0,25347,15390,1,14,item,G2006
d,-0.349,0.023,-0.391,-0.307,0,0,33570,14435,1,24,item,G938
d,-2.395,0.019,-2.43,-2.359,0,0,31669,13160,1,7,item,G1472
d,-0.693,0.02,-0.73,-0.656,0,0,30157,14159,1,16,item,G2268
d,-0.145,0.014,-0.171,-0.119,0,0,31804,14300,1,18,item,G2346
d,-0.827,0.027,-0.878,-0.778,0,0,25243,14980,1,26,item,M3453
d,-0.658,0.024,-0.704,-0.613,0,0,25414,14769,1,11,item,G181
d,-0.374,0.038,-0.445,-0.303,0,0,23365,15407,1,17,item,G2341
d,-2.09,0.033,-2.151,-2.028,0,0,21840,14710,1,20,item,G2404
d,-0.407,0.021,-0.447,-0.368,0,0,33162,14933,1,27,item,M3924
d,-0.192,0.013,-0.217,-0.169,0,0,31121,14904,1,4,item,G1190
d,0.67,0.022,0.627,0.711,0,0,31124,13055,1,22,item,G584
d,-0.818,0.014,-0.845,-0.792,0,0,31109,13629,1,23,item,G794
d,-0.235,0.008,-0.249,-0.221,0,0,30243,13654,1,30,item,M5839
d,-0.977,0.041,-1.056,-0.903,0,0,33992,13798,1,34,item,M8907
nu,0.936,0.024,0.891,0.982,0,0,18071,15234,1,3,item,G1189
nu,1.428,0.043,1.348,1.511,0,0,19538,14345,1,13,item,G1948
nu,0.452,0.008,0.437,0.468,0,0,28077,13650,1,32,item,M7949
nu,4.282,0.159,3.98,4.574,0.001,0.001,32571,14200,1,12,item,G1920
nu,0.642,0.013,0.617,0.666,0,0,24559,15353,1,1,item,C1084
nu,0.822,0.017,0.791,0.854,0,0,30723,14348,1,2,item,C47
nu,0.77,0.018,0.737,0.804,0,0,20567,15117,1,5,item,G1210
nu,1.103,0.032,1.042,1.162,0,0,16961,15179,1,19,item,G2352
nu,0.936,0.025,0.889,0.983,0,0,16941,14746,1,25,item,M1571
nu,0.906,0.021,0.866,0.946,0,0,20473,14758,1,33,item,M811
nu,2.212,0.095,2.038,2.396,0.001,0.001,13148,14474,1,0,item,C1039
nu,0.554,0.012,0.532,0.576,0,0,21909,15336,1,9,item,G1631
nu,2.26,0.079,2.111,2.407,0.001,0.001,22100,15663,1,15,item,G2063
nu,1.741,0.061,1.628,1.857,0,0,17574,14319,1,21,item,G410
nu,0.718,0.017,0.687,0.751,0,0,19433,15559,1,29,item,M5680
nu,0.955,0.024,0.91,0.999,0,0,21537,15180,1,8,item,G1588
nu,1.211,0.031,1.154,1.269,0,0,25071,15502,1,10,item,G1799
nu,1.516,0.051,1.421,1.611,0,0,15703,14532,1,14,item,G2006
nu,0.726,0.015,0.698,0.755,0,0,25069,15978,1,24,item,G938
nu,1.038,0.028,0.986,1.089,0,0,21811,15566,1,7,item,G1472
nu,2.712,0.117,2.5,2.934,0.001,0.001,17512,15646,1,16,item,G2268
nu,1.511,0.051,1.414,1.604,0,0,18177,14622,1,18,item,G2346
nu,0.554,0.011,0.532,0.575,0,0,22731,14917,1,26,item,M3453
nu,2.262,0.081,2.115,2.417,0.001,0.001,21863,16068,1,11,item,G181
nu,0.482,0.009,0.465,0.499,0,0,27500,15225,1,17,item,G2341
nu,1.264,0.038,1.194,1.336,0,0,17761,15466,1,20,item,G2404
nu,1.192,0.033,1.132,1.254,0,0,21941,16348,1,27,item,M3924
nu,1.04,0.024,0.994,1.083,0,0,23178,15811,1,4,item,G1190
nu,3.667,0.199,3.297,4.041,0.002,0.001,14925,14929,1,22,item,G584
nu,0.936,0.02,0.898,0.973,0,0,24263,15575,1,23,item,G794
nu,0.637,0.012,0.615,0.659,0,0,25767,14564,1,30,item,M5839
nu,1.062,0.027,1.013,1.114,0,0,19147,14710,1,34,item,M8907
sigma,-0.288,0.034,-0.353,-0.226,0.001,0,964,3273,1.01,3,item,G1189
sigma,0.008,0.03,-0.047,0.068,0.001,0,760,2389,1.01,13,item,G1948
sigma,-1.774,0.037,-1.841,-1.701,0.001,0,795,2679,1.01,32,item,M7949
sigma,0.374,0.013,0.35,0.398,0,0,6846,11438,1,12,item,G1920
sigma,-0.404,0.032,-0.465,-0.345,0.001,0,1032,3704,1.01,1,item,C1084
sigma,0.06,0.022,0.02,0.103,0,0,1994,6340,1,2,item,C47
sigma,-1,0.035,-1.064,-0.934,0.001,0,945,3377,1.01,5,item,G1210
sigma,0.82,0.037,0.75,0.887,0.001,0,710,2457,1.01,19,item,G2352
sigma,0.125,0.037,0.058,0.196,0.001,0,837,3221,1.01,25,item,M1571
sigma,-0.056,0.031,-0.117,0,0.001,0,884,3144,1.01,33,item,M811
sigma,0.364,0.024,0.317,0.408,0.001,0,1917,7742,1,0,item,C1039
sigma,-0.007,0.044,-0.088,0.076,0.002,0.001,713,2557,1.01,9,item,G1631
sigma,1.275,0.021,1.237,1.316,0.001,0,1372,4597,1.01,15,item,G2063
sigma,-0.759,0.024,-0.804,-0.713,0.001,0,2034,6088,1,21,item,G410
sigma,0.188,0.035,0.123,0.254,0.001,0,1190,3959,1.01,29,item,M5680
sigma,0.6,0.041,0.522,0.674,0.002,0.001,572,1762,1.01,8,item,G1588
sigma,0.443,0.031,0.388,0.501,0.001,0,652,1985,1.01,10,item,G1799
sigma,1.016,0.034,0.954,1.082,0.001,0,695,2479,1.01,14,item,G2006
sigma,0.235,0.03,0.178,0.291,0.001,0,960,3600,1.01,24,item,G938
sigma,-1.86,0.035,-1.925,-1.796,0.001,0,738,2679,1.01,7,item,G1472
sigma,-0.1,0.026,-0.148,-0.051,0.001,0,743,2491,1.01,16,item,G2268
sigma,0.381,0.037,0.314,0.451,0.002,0.001,601,1919,1.01,18,item,G2346
sigma,-0.245,0.036,-0.313,-0.179,0.001,0,1147,3870,1.01,26,item,M3453
sigma,-0.048,0.021,-0.087,-0.008,0.001,0,1376,5331,1.01,11,item,G181
sigma,0.295,0.039,0.22,0.367,0.001,0,780,2548,1.01,17,item,G2341
sigma,-1.108,0.032,-1.17,-1.049,0.001,0,840,2956,1.01,20,item,G2404
sigma,0.419,0.033,0.353,0.479,0.001,0,655,2130,1.01,27,item,M3924
sigma,-0.001,0.033,-0.062,0.062,0.001,0.001,597,1968,1.01,4,item,G1190
sigma,1.595,0.025,1.548,1.64,0.001,0,703,2547,1.01,22,item,G584
sigma,-0.779,0.024,-0.824,-0.734,0.001,0,1437,4883,1.01,23,item,G794
sigma,-0.594,0.03,-0.649,-0.537,0.001,0,900,3321,1.01,30,item,M5839
sigma,0.541,0.032,0.482,0.602,0.001,0,761,2587,1.01,34,item,M8907
theta,-1.337,0.167,-1.652,-1.028,0.002,0.001,8857,9817,1,74,person,
theta,0.57,0.158,0.281,0.874,0.002,0.001,9770,13010,1,735,person,
theta,-0.043,0.172,-0.37,0.277,0.002,0.001,12913,12411,1,733,person,
theta,-0.686,0.186,-1.049,-0.353,0.002,0.001,13753,12666,1,705,person,
theta,0.422,0.169,0.101,0.742,0.002,0.001,11259,12185,1,527,person,
theta,0.181,0.164,-0.124,0.494,0.002,0.001,11325,12598,1,710,person,
theta,0.578,0.158,0.284,0.879,0.001,0.001,11516,12328,1,897,person,
theta,0.044,0.152,-0.238,0.334,0.002,0.001,9325,10844,1,804,person,
theta,-1.358,0.173,-1.677,-1.026,0.002,0.001,8362,10851,1,934,person,
theta,-0.379,0.165,-0.694,-0.074,0.002,0.001,11491,11507,1,887,person,
theta,0.386,0.168,0.073,0.699,0.002,0.001,10458,12790,1,1043,person,
theta,0.243,0.166,-0.075,0.55,0.002,0.001,11779,12435,1,912,person,
theta,0.032,0.162,-0.274,0.336,0.001,0.001,12576,12631,1,506,person,
theta,-2.595,0.157,-2.897,-2.307,0.003,0.001,3388,6758,1,193,person,
theta,0.881,0.162,0.575,1.184,0.002,0.001,8600,12789,1,378,person,
theta,-0.092,0.177,-0.423,0.245,0.002,0.002,13067,12637,1,216,person,
theta,-0.8,0.159,-1.101,-0.502,0.002,0.001,9781,11634,1,676,person,
theta,0.948,0.16,0.645,1.25,0.002,0.001,8247,12036,1,699,person,
theta,-0.338,0.176,-0.658,0.004,0.002,0.002,12735,12460,1,44,person,
theta,0.592,0.149,0.313,0.873,0.002,0.001,8816,10907,1,1158,person,
theta,-0.231,0.162,-0.536,0.075,0.002,0.001,11568,12961,1,242,person,
theta,-0.433,0.194,-0.801,-0.075,0.002,0.002,14511,13508,1,759,person,
theta,0.126,0.151,-0.167,0.405,0.001,0.001,10199,12308,1,82,person,
theta,0.735,0.167,0.43,1.054,0.001,0.001,12445,12993,1,443,person,
theta,0.678,0.166,0.362,0.988,0.002,0.001,11670,11788,1,929,person,
theta,0.497,0.173,0.181,0.831,0.002,0.001,12402,12026,1,1040,person,
theta,1.344,0.159,1.059,1.66,0.002,0.001,7080,9771,1,838,person,
theta,-2.225,0.175,-2.549,-1.891,0.002,0.001,5929,10875,1,1116,person,
theta,1.341,0.161,1.028,1.631,0.002,0.001,7708,12144,1,1,person,
theta,0.382,0.164,0.076,0.698,0.002,0.001,11694,13613,1,326,person,
theta,0.929,0.172,0.607,1.254,0.002,0.001,9945,11650,1,692,person,
theta,-0.386,0.189,-0.737,-0.023,0.002,0.002,15228,12591,1,3,person,
theta,0.085,0.155,-0.212,0.368,0.001,0.001,12145,12075,1,493,person,
theta,0.675,0.164,0.373,0.986,0.002,0.001,11158,12432,1,775,person,
theta,0.675,0.157,0.382,0.971,0.002,0.001,10005,12854,1,519,person,
theta,-0.255,0.177,-0.586,0.076,0.002,0.001,12823,12334,1,845,person,
theta,0.941,0.155,0.647,1.228,0.002,0.001,7970,10771,1,277,person,
theta,0.03,0.154,-0.256,0.321,0.002,0.001,10134,10153,1,1169,person,
theta,-0.395,0.179,-0.744,-0.069,0.002,0.002,12756,12721,1,12,person,
theta,-0.489,0.2,-0.866,-0.116,0.001,0.002,18623,12979,1,249,person,
theta,-2.003,0.165,-2.321,-1.699,0.002,0.001,5474,9594,1,245,person,
theta,0.448,0.153,0.155,0.728,0.002,0.001,9819,10800,1,64,person,
theta,0.454,0.167,0.145,0.767,0.001,0.001,12687,12396,1,511,person,
theta,-0.439,0.183,-0.787,-0.101,0.002,0.001,12537,12764,1,1190,person,
theta,-0.372,0.158,-0.678,-0.082,0.002,0.001,10249,11605,1,77,person,
theta,0.998,0.153,0.718,1.294,0.002,0.001,8867,12222,1,1180,person,
theta,1.499,0.161,1.187,1.79,0.002,0.001,6439,9942,1,150,person,
theta,0.453,0.167,0.141,0.767,0.001,0.001,12585,12113,1,1049,person,
theta,0.588,0.162,0.291,0.898,0.002,0.001,11322,12251,1,238,person,
theta,-2.365,0.158,-2.651,-2.062,0.003,0.001,3736,8226,1,57,person,
theta,0.845,0.161,0.534,1.141,0.002,0.001,10975,12575,1,764,person,
theta,0.551,0.152,0.259,0.833,0.002,0.001,9469,10078,1,175,person,
theta,0.105,0.178,-0.232,0.438,0.002,0.002,13366,11147,1,1000,person,
theta,-0.603,0.166,-0.922,-0.301,0.002,0.001,10828,11219,1,756,person,
theta,-0.442,0.162,-0.744,-0.136,0.002,0.001,10041,11484,1,761,person,
theta,-1.359,0.173,-1.683,-1.039,0.002,0.001,8463,12032,1,959,person,
theta,0.921,0.156,0.624,1.21,0.002,0.001,8820,11269,1,789,person,
theta,-0.228,0.165,-0.534,0.092,0.001,0.001,12544,11638,1,67,person,
theta,0.465,0.149,0.192,0.75,0.002,0.001,9621,11726,1,304,person,
theta,-1.984,0.185,-2.327,-1.631,0.002,0.002,7392,10336,1,63,person,
theta,0.349,0.17,0.035,0.675,0.001,0.001,12928,12498,1,768,person,
theta,0.017,0.158,-0.274,0.319,0.001,0.001,12812,12474,1,1095,person,
theta,0.924,0.154,0.635,1.211,0.002,0.001,8614,11397,1,795,person,
theta,-0.907,0.169,-1.223,-0.589,0.002,0.001,11546,12352,1,465,person,
theta,-0.034,0.158,-0.328,0.267,0.002,0.001,10727,11781,1,796,person,
theta,0.982,0.149,0.703,1.255,0.002,0.001,8278,12065,1,1091,person,
theta,-0.007,0.16,-0.311,0.291,0.002,0.001,11174,11527,1,106,person,
theta,0.303,0.168,-0.017,0.61,0.002,0.001,12107,13310,1,66,person,
theta,0.74,0.155,0.446,1.028,0.002,0.001,9884,11782,1,276,person,
theta,-0.242,0.164,-0.549,0.061,0.001,0.001,11984,11537,1,855,person,
theta,0.926,0.17,0.608,1.246,0.002,0.001,10842,11439,1,1047,person,
theta,-0.742,0.168,-1.05,-0.421,0.002,0.001,10986,11344,1,146,person,
theta,-0.482,0.171,-0.816,-0.176,0.001,0.001,13028,10780,1,510,person,
theta,0.669,0.156,0.367,0.952,0.002,0.001,10305,11150,1,145,person,
theta,0.334,0.162,0.023,0.633,0.002,0.001,10949,12547,1,318,person,
theta,0.683,0.157,0.389,0.969,0.001,0.001,11371,12986,1,1083,person,
theta,0.89,0.147,0.608,1.154,0.002,0.001,7480,10760,1,703,person,
theta,0.519,0.156,0.237,0.828,0.002,0.001,9873,11663,1,938,person,
theta,1.168,0.154,0.869,1.452,0.002,0.001,7807,11329,1,1014,person,
theta,-0.469,0.199,-0.846,-0.097,0.002,0.002,15909,12425,1,313,person,
theta,0.557,0.145,0.279,0.827,0.002,0.001,9170,11910,1,964,person,
theta,1.102,0.165,0.79,1.408,0.002,0.001,9690,13361,1,984,person,
theta,-1.379,0.152,-1.662,-1.086,0.002,0.001,6918,9521,1,1160,person,
theta,-0.409,0.192,-0.764,-0.042,0.002,0.002,15115,12640,1,1109,person,
theta,0.219,0.186,-0.128,0.568,0.002,0.002,14793,12958,1,429,person,
theta,0.733,0.157,0.441,1.027,0.001,0.001,11579,13014,1,1135,person,
theta,-0.265,0.172,-0.584,0.066,0.001,0.001,13589,12323,1,1152,person,
theta,-0.6,0.168,-0.911,-0.282,0.002,0.001,12523,12696,1,508,person,
theta,-0.691,0.219,-1.094,-0.275,0.002,0.002,19857,12748,1,169,person,
theta,-0.155,0.162,-0.46,0.147,0.001,0.001,13103,12516,1,628,person,
theta,0.775,0.156,0.495,1.078,0.002,0.001,9533,11108,1,930,person,
theta,-1.797,0.201,-2.169,-1.414,0.002,0.002,9387,12680,1,482,person,
theta,1.231,0.153,0.944,1.515,0.002,0.001,7914,10861,1,961,person,
theta,-0.062,0.165,-0.373,0.248,0.002,0.001,11856,11655,1,1148,person,
theta,-0.083,0.177,-0.402,0.265,0.002,0.002,13482,11844,1,98,person,
theta,-0.411,0.19,-0.764,-0.045,0.002,0.002,16020,11736,1,736,person,
theta,0.821,0.167,0.515,1.142,0.002,0.001,11089,12672,1,536,person,
theta,-0.163,0.158,-0.457,0.136,0.001,0.001,11374,12770,1,987,person,
theta,-2.445,0.154,-2.733,-2.158,0.002,0.001,3859,8320,1,862,person,
theta,-1.929,0.153,-2.221,-1.656,0.002,0.001,4771,11969,1,99,person,
theta,-0.124,0.157,-0.427,0.164,0.002,0.001,9700,11957,1,1079,person,
theta,-1.562,0.21,-1.942,-1.157,0.002,0.002,11854,12797,1,244,person,
theta,-0.988,0.169,-1.312,-0.681,0.002,0.001,9157,10563,1,601,person,
theta,0.74,0.151,0.463,1.03,0.002,0.001,9505,11661,1,129,person,
theta,0.383,0.17,0.056,0.702,0.001,0.001,13401,11367,1,639,person,
theta,-1.439,0.157,-1.731,-1.14,0.002,0.001,5445,11828,1,941,person,
theta,-2.395,0.153,-2.685,-2.11,0.002,0.001,3771,9268,1,84,person,
theta,-2.531,0.171,-2.847,-2.212,0.003,0.001,3827,8786,1,973,person,
theta,0.959,0.149,0.672,1.236,0.002,0.001,7838,11037,1,359,person,
theta,-1.021,0.174,-1.345,-0.694,0.002,0.002,9541,10180,1,841,person,
theta,-0.608,0.178,-0.96,-0.286,0.002,0.002,13770,11484,1,389,person,
theta,-0.147,0.172,-0.464,0.186,0.002,0.001,11753,12039,1,380,person,
theta,-0.464,0.172,-0.788,-0.14,0.001,0.001,14486,12116,1,14,person,
theta,0.352,0.157,0.059,0.653,0.002,0.001,10912,11416,1,1141,person,
theta,1.105,0.161,0.795,1.396,0.002,0.001,8519,11615,1,750,person,
theta,-1.229,0.157,-1.531,-0.944,0.002,0.001,5768,11299,1,472,person,
theta,0.92,0.176,0.6,1.258,0.002,0.001,11638,12840,1,656,person,
theta,-0.111,0.168,-0.422,0.208,0.002,0.001,12485,12277,1,412,person,
theta,0.473,0.174,0.145,0.799,0.002,0.001,13101,13758,1,125,person,
theta,0.626,0.153,0.336,0.912,0.002,0.001,9510,13679,1,4,person,
theta,-2.216,0.171,-2.538,-1.897,0.002,0.002,5519,8483,1,97,person,
theta,-0.214,0.187,-0.568,0.13,0.001,0.002,15671,12826,1,1099,person,
theta,-0.726,0.151,-1.013,-0.445,0.002,0.001,9614,11146,1,723,person,
theta,-0.311,0.155,-0.601,-0.017,0.002,0.001,8752,11892,1,1088,person,
theta,1.541,0.17,1.216,1.859,0.002,0.001,7525,11663,1,707,person,
theta,0.388,0.17,0.074,0.716,0.002,0.001,11392,12815,1,777,person,
theta,0.297,0.166,-0.01,0.62,0.002,0.001,11308,11745,1,597,person,
theta,0.867,0.162,0.559,1.174,0.002,0.001,9888,11446,1,37,person,
theta,-0.765,0.174,-1.099,-0.445,0.002,0.001,11547,12097,1,452,person,
theta,0.104,0.186,-0.261,0.442,0.002,0.002,12972,11911,1,272,person,
theta,-0.62,0.168,-0.938,-0.301,0.002,0.001,9887,12111,1,999,person,
theta,-1.406,0.189,-1.762,-1.052,0.002,0.002,10491,11711,1,1035,person,
theta,-0.541,0.18,-0.872,-0.199,0.001,0.001,15972,12748,1,438,person,
theta,-0.479,0.18,-0.816,-0.133,0.002,0.001,13768,12401,1,672,person,
theta,1.461,0.159,1.155,1.753,0.002,0.001,7620,11141,1,279,person,
theta,-1.352,0.177,-1.692,-1.03,0.002,0.001,9348,10777,1,981,person,
theta,0.448,0.164,0.145,0.752,0.002,0.001,10101,11905,1,546,person,
theta,0.45,0.172,0.126,0.773,0.002,0.002,12685,11723,1,1134,person,
theta,0.182,0.165,-0.138,0.484,0.002,0.001,11896,11488,1,370,person,
theta,1.258,0.167,0.944,1.57,0.002,0.001,8751,12610,1,334,person,
theta,0.183,0.153,-0.107,0.465,0.002,0.001,9522,11809,1,394,person,
theta,-2.417,0.154,-2.714,-2.133,0.003,0.001,3185,7863,1,818,person,
theta,1.153,0.168,0.834,1.47,0.002,0.001,8977,10394,1,932,person,
theta,-1.814,0.18,-2.143,-1.472,0.002,0.001,7720,12253,1,107,person,
theta,0.548,0.174,0.232,0.886,0.002,0.001,11808,12653,1,156,person,
theta,-0.242,0.175,-0.584,0.074,0.002,0.001,12967,12439,1,514,person,
theta,1.737,0.169,1.409,2.04,0.002,0.001,6711,12994,1,490,person,
theta,-0.299,0.18,-0.651,0.023,0.002,0.002,13129,11834,1,274,person,
theta,1.138,0.16,0.835,1.436,0.002,0.001,7872,10959,1,450,person,
theta,0.503,0.17,0.185,0.827,0.002,0.001,10423,12734,1,455,person,
theta,-1.49,0.195,-1.851,-1.118,0.002,0.002,10293,12645,1,896,person,
theta,-1.537,0.179,-1.872,-1.196,0.002,0.001,9102,10971,1,555,person,
theta,0.398,0.166,0.083,0.713,0.001,0.001,13780,12456,1,466,person,
theta,-0.967,0.161,-1.27,-0.668,0.002,0.001,7811,11958,1,158,person,
theta,0.253,0.173,-0.077,0.571,0.002,0.001,13179,12034,1,808,person,
theta,0.721,0.167,0.406,1.03,0.002,0.001,11696,11212,1,889,person,
theta,-0.067,0.182,-0.408,0.272,0.002,0.001,13986,12599,1,62,person,
theta,-0.099,0.16,-0.404,0.194,0.001,0.001,12531,10926,1,444,person,
theta,-0.27,0.176,-0.605,0.059,0.002,0.002,13332,11006,1,662,person,
theta,-0.94,0.185,-1.288,-0.595,0.002,0.002,11706,12491,1,826,person,
theta,0.914,0.168,0.598,1.233,0.002,0.001,9607,11616,1,484,person,
theta,1.075,0.157,0.785,1.377,0.002,0.001,8101,11368,1,224,person,
theta,-0.753,0.161,-1.057,-0.451,0.002,0.001,9368,11835,1,588,person,
theta,1.173,0.166,0.845,1.474,0.002,0.001,9732,12483,1,255,person,
theta,-0.652,0.172,-0.962,-0.314,0.001,0.001,14379,13848,1,827,person,
theta,1.252,0.154,0.954,1.537,0.002,0.001,8009,10998,1,954,person,
theta,0.552,0.171,0.235,0.875,0.002,0.001,11435,12821,1,641,person,
theta,1.226,0.164,0.92,1.534,0.002,0.001,8988,12645,1,147,person,
theta,1.13,0.17,0.81,1.451,0.002,0.001,12030,11333,1,258,person,
theta,1.147,0.158,0.848,1.442,0.002,0.001,8010,10027,1,43,person,
theta,-1.742,0.17,-2.055,-1.42,0.002,0.001,7053,12396,1,290,person,
theta,-0.07,0.167,-0.383,0.251,0.002,0.001,12237,12382,1,572,person,
theta,0.375,0.171,0.059,0.698,0.002,0.001,11858,12945,1,60,person,
theta,-0.702,0.188,-1.042,-0.34,0.002,0.001,12577,12446,1,421,person,
theta,0.437,0.167,0.127,0.754,0.002,0.001,12321,12158,1,365,person,
theta,0.742,0.167,0.438,1.063,0.002,0.001,12131,11754,1,257,person,
theta,0.527,0.155,0.228,0.81,0.001,0.001,10927,11430,1,1084,person,
theta,-0.066,0.17,-0.382,0.258,0.002,0.001,12912,13450,1,386,person,
theta,-2.489,0.157,-2.781,-2.191,0.003,0.001,3941,6250,1,177,person,
theta,0.392,0.166,0.08,0.705,0.001,0.001,14005,13001,1,839,person,
theta,0.746,0.164,0.439,1.054,0.002,0.001,10779,13439,1,446,person,
theta,0.748,0.154,0.46,1.033,0.002,0.001,8398,10699,1,312,person,
theta,0.178,0.174,-0.15,0.506,0.001,0.001,14279,12108,1,1021,person,
theta,0.057,0.155,-0.228,0.356,0.001,0.001,12292,13777,1,1114,person,
theta,-1.084,0.193,-1.447,-0.723,0.002,0.002,11416,11726,1,952,person,
theta,0.797,0.159,0.51,1.107,0.002,0.001,10445,12560,1,602,person,
theta,1.065,0.155,0.783,1.366,0.002,0.001,8167,11938,1,520,person,
theta,0.52,0.162,0.208,0.815,0.002,0.001,9169,13068,1,300,person,
theta,-0.566,0.154,-0.861,-0.283,0.002,0.001,8937,12001,1,92,person,
theta,-2.614,0.154,-2.895,-2.318,0.003,0.001,3261,7321,1,165,person,
theta,-0.37,0.168,-0.68,-0.05,0.002,0.001,11335,12800,1,9,person,
theta,0.783,0.153,0.501,1.075,0.002,0.001,8397,12091,1,507,person,
theta,-1.348,0.164,-1.651,-1.035,0.002,0.001,7952,11294,1,522,person,
theta,-0.315,0.187,-0.667,0.036,0.001,0.002,15819,12767,1,908,person,
theta,0.826,0.15,0.549,1.113,0.002,0.001,8392,11690,1,403,person,
theta,-2.797,0.163,-3.101,-2.49,0.003,0.001,3018,7841,1,58,person,
theta,0.72,0.161,0.415,1.022,0.002,0.001,8922,11527,1,343,person,
theta,0.223,0.17,-0.099,0.541,0.002,0.001,12355,13111,1,430,person,
theta,1.013,0.175,0.688,1.353,0.002,0.001,11019,11138,1,898,person,
theta,0.317,0.161,0.018,0.623,0.001,0.001,12875,12850,1,268,person,
theta,0.038,0.19,-0.309,0.402,0.002,0.002,13495,12663,1,560,person,
theta,1.055,0.177,0.71,1.378,0.002,0.001,11234,10943,1,558,person,
theta,0.518,0.177,0.172,0.84,0.001,0.001,14322,13718,1,1011,person,
theta,1.181,0.169,0.847,1.483,0.002,0.001,8958,11191,1,677,person,
theta,-1.136,0.163,-1.455,-0.844,0.002,0.001,8168,11526,1,112,person,
theta,-0.258,0.175,-0.576,0.083,0.001,0.001,14549,12959,1,305,person,
theta,1.088,0.153,0.802,1.375,0.002,0.001,8789,10685,1,877,person,
theta,1.622,0.173,1.303,1.951,0.002,0.002,8254,10368,1,517,person,
theta,-1.48,0.158,-1.772,-1.183,0.002,0.001,6615,11719,1,181,person,
theta,0.761,0.179,0.416,1.093,0.002,0.002,11246,11616,1,598,person,
theta,-0.295,0.172,-0.622,0.03,0.001,0.002,13965,11054,1,117,person,
theta,-0.903,0.166,-1.222,-0.6,0.002,0.001,10235,12116,1,41,person,
theta,0.82,0.155,0.531,1.113,0.002,0.001,8096,10833,1,652,person,
theta,0.634,0.166,0.33,0.956,0.002,0.001,11122,11187,1,1136,person,
theta,-0.078,0.17,-0.396,0.244,0.002,0.001,12397,12459,1,659,person,
theta,0.548,0.153,0.254,0.829,0.002,0.001,8670,11101,1,923,person,
theta,1.04,0.168,0.724,1.357,0.002,0.001,8680,12065,1,801,person,
theta,0.23,0.176,-0.104,0.559,0.002,0.001,13098,12000,1,456,person,
theta,1.092,0.163,0.779,1.39,0.002,0.001,9240,11513,1,689,person,
theta,0.443,0.162,0.124,0.736,0.002,0.001,10382,11694,1,875,person,
theta,0.869,0.155,0.581,1.164,0.002,0.001,9147,11931,1,748,person,
theta,0.961,0.162,0.658,1.265,0.002,0.001,9299,11545,1,179,person,
theta,0.05,0.156,-0.25,0.34,0.001,0.001,12795,11530,1,760,person,
theta,0.131,0.163,-0.174,0.438,0.001,0.001,12444,12215,1,715,person,
theta,-2.632,0.155,-2.919,-2.341,0.003,0.001,3191,7905,1,241,person,
theta,0.984,0.153,0.7,1.275,0.002,0.001,8195,10947,1,39,person,
theta,-2.36,0.172,-2.681,-2.035,0.003,0.001,4510,10178,1,374,person,
theta,0.361,0.179,0.023,0.698,0.002,0.001,13480,12316,1,401,person,
theta,-0.463,0.17,-0.771,-0.134,0.002,0.001,12589,11962,1,734,person,
theta,0.542,0.163,0.246,0.857,0.002,0.001,10993,12936,1,1122,person,
theta,-0.965,0.159,-1.269,-0.667,0.002,0.001,8858,12945,1,992,person,
theta,0.144,0.189,-0.215,0.495,0.002,0.002,14690,12940,1,976,person,
theta,0.994,0.156,0.698,1.285,0.002,0.001,8007,11385,1,144,person,
theta,-0.684,0.166,-0.999,-0.379,0.001,0.001,13210,13407,1,869,person,
theta,-0.235,0.173,-0.563,0.088,0.001,0.001,13710,13072,1,1147,person,
theta,0.603,0.164,0.29,0.906,0.002,0.001,10714,12369,1,1052,person,
theta,1.46,0.162,1.154,1.766,0.002,0.001,7653,10719,1,745,person,
theta,-1.101,0.175,-1.433,-0.775,0.002,0.001,10360,11268,1,626,person,
theta,0.893,0.161,0.59,1.189,0.002,0.001,9113,11982,1,1151,person,
theta,-0.817,0.156,-1.121,-0.535,0.002,0.001,8937,11455,1,586,person,
theta,0.921,0.15,0.643,1.205,0.002,0.001,9260,11241,1,632,person,
theta,-2.79,0.152,-3.08,-2.507,0.003,0.001,2455,7622,1,532,person,
theta,-0.316,0.16,-0.609,-0.009,0.002,0.001,9422,11059,1,608,person,
theta,0.43,0.176,0.096,0.758,0.002,0.002,12042,12170,1,939,person,
theta,0.539,0.174,0.227,0.876,0.002,0.001,13171,13383,1,751,person,
theta,0.696,0.161,0.396,0.996,0.002,0.001,10219,10859,1,786,person,
theta,-0.905,0.166,-1.2,-0.581,0.002,0.001,9114,12698,1,660,person,
theta,0.56,0.15,0.278,0.842,0.001,0.001,10166,12275,1,726,person,
theta,-2.712,0.166,-3.026,-2.408,0.003,0.001,3773,7530,1,90,person,
theta,-0.417,0.167,-0.737,-0.103,0.001,0.001,13933,11719,1,155,person,
theta,0.18,0.201,-0.2,0.561,0.002,0.002,17480,12154,1,543,person,
theta,-0.241,0.163,-0.556,0.062,0.001,0.001,13738,11921,1,317,person,
theta,0.066,0.182,-0.274,0.413,0.002,0.001,14299,13995,1,414,person,
theta,0.152,0.155,-0.139,0.437,0.002,0.001,9558,11677,1,974,person,
theta,0.149,0.158,-0.161,0.439,0.001,0.001,11297,12730,1,87,person,
theta,1.046,0.163,0.736,1.348,0.002,0.001,9339,11778,1,728,person,
theta,0.571,0.165,0.266,0.881,0.002,0.001,10719,12807,1,405,person,
theta,0.079,0.174,-0.236,0.41,0.001,0.002,15050,11864,1,407,person,
theta,0.674,0.156,0.374,0.961,0.002,0.001,9827,12720,1,539,person,
theta,-2.533,0.144,-2.806,-2.264,0.003,0.001,3013,7573,1,1055,person,
theta,0.026,0.174,-0.303,0.349,0.001,0.001,15033,12209,1,410,person,
theta,0.819,0.168,0.501,1.131,0.002,0.001,10914,12090,1,524,person,
theta,-0.212,0.179,-0.541,0.127,0.002,0.001,11741,12747,1,849,person,
theta,1.252,0.165,0.938,1.558,0.002,0.001,8803,11852,1,888,person,
theta,-0.496,0.181,-0.827,-0.151,0.001,0.001,14755,12769,1,478,person,
theta,0.343,0.184,-0.009,0.684,0.002,0.002,13307,11961,1,681,person,
theta,-0.555,0.179,-0.9,-0.231,0.002,0.002,12593,11588,1,925,person,
theta,-0.032,0.155,-0.322,0.259,0.001,0.001,12012,13189,1,1005,person,
theta,1.011,0.182,0.675,1.359,0.002,0.001,11756,11930,1,772,person,
theta,-1.232,0.179,-1.571,-0.896,0.002,0.002,10244,11541,1,686,person,
theta,-0.298,0.169,-0.62,0.017,0.002,0.001,11268,12577,1,27,person,
theta,0.224,0.168,-0.092,0.54,0.002,0.001,11642,13146,1,1092,person,
theta,0.889,0.155,0.599,1.18,0.002,0.001,9021,12034,1,1078,person,
theta,-0.984,0.177,-1.315,-0.653,0.002,0.001,10963,13097,1,640,person,
theta,-1.436,0.161,-1.749,-1.145,0.002,0.001,7701,12476,1,956,person,
theta,0.532,0.164,0.233,0.843,0.002,0.001,11191,11670,1,157,person,
theta,0.006,0.156,-0.287,0.304,0.002,0.001,9719,11084,1,457,person,
theta,0.965,0.167,0.663,1.291,0.002,0.001,8821,11212,1,851,person,
theta,1.034,0.154,0.75,1.327,0.002,0.001,7686,12177,1,891,person,
theta,-2.552,0.149,-2.838,-2.275,0.003,0.001,3114,7792,1,435,person,
theta,0.548,0.165,0.241,0.86,0.002,0.001,10882,12616,1,476,person,
theta,0.072,0.163,-0.239,0.38,0.002,0.001,11002,13133,1,474,person,
theta,0.858,0.155,0.575,1.156,0.002,0.001,8190,12706,1,554,person,
theta,0.425,0.162,0.12,0.731,0.002,0.001,11021,11972,1,1191,person,
theta,-0.832,0.166,-1.14,-0.527,0.002,0.001,9781,13427,1,42,person,
theta,0.989,0.156,0.693,1.277,0.002,0.001,10359,12212,1,80,person,
theta,1.349,0.162,1.045,1.652,0.002,0.001,7756,11158,1,162,person,
theta,-2.438,0.142,-2.705,-2.173,0.003,0.001,2824,8180,1,173,person,
theta,0.199,0.168,-0.111,0.52,0.001,0.001,14004,12645,1,848,person,
theta,-1.366,0.166,-1.673,-1.045,0.002,0.001,6848,12041,1,220,person,
theta,-2.065,0.165,-2.368,-1.746,0.002,0.001,4895,10838,1,483,person,
theta,-2.589,0.153,-2.868,-2.297,0.003,0.001,3140,7166,1,690,person,
theta,-0.568,0.17,-0.875,-0.235,0.002,0.002,10439,10650,1,163,person,
theta,0.846,0.164,0.536,1.15,0.002,0.001,10644,11404,1,619,person,
theta,0.629,0.17,0.3,0.932,0.002,0.001,12200,12708,1,61,person,
theta,0.533,0.156,0.243,0.825,0.002,0.001,10580,12696,1,730,person,
theta,1.281,0.168,0.975,1.601,0.002,0.001,8325,12160,1,71,person,
theta,0.959,0.163,0.652,1.263,0.002,0.001,8967,12856,1,766,person,
theta,-1.706,0.164,-2.025,-1.408,0.002,0.001,5404,10631,1,8,person,
theta,-1.819,0.164,-2.127,-1.512,0.002,0.001,6130,11543,1,834,person,
theta,0.436,0.164,0.136,0.753,0.002,0.001,10287,12059,1,892,person,
theta,0.748,0.186,0.406,1.102,0.002,0.002,15190,12770,1,416,person,
theta,0.245,0.154,-0.039,0.538,0.001,0.001,11259,12175,1,924,person,
theta,1.57,0.164,1.259,1.875,0.002,0.001,7407,10149,1,344,person,
theta,0.883,0.179,0.554,1.224,0.002,0.002,11366,11562,1,989,person,
theta,0.661,0.177,0.337,1.001,0.002,0.001,12047,12368,1,574,person,
theta,0.99,0.176,0.668,1.33,0.002,0.001,10441,12062,1,903,person,
theta,0.263,0.175,-0.065,0.595,0.001,0.001,13634,13190,1,295,person,
theta,0.665,0.162,0.362,0.964,0.001,0.001,11630,12481,1,634,person,
theta,-0.008,0.164,-0.317,0.294,0.001,0.001,12561,11526,1,807,person,
theta,0.281,0.173,-0.039,0.605,0.002,0.001,12326,12244,1,1103,person,
theta,0.783,0.167,0.461,1.093,0.002,0.001,9836,11690,1,566,person,
theta,-1.153,0.164,-1.46,-0.844,0.002,0.001,8247,11697,1,194,person,
theta,-1.362,0.157,-1.656,-1.066,0.002,0.001,6826,12054,1,531,person,
theta,0.527,0.168,0.201,0.83,0.002,0.002,12463,12226,1,217,person,
theta,0.326,0.15,0.057,0.617,0.002,0.001,9701,12724,1,828,person,
theta,0.976,0.16,0.682,1.283,0.002,0.001,8782,11107,1,1056,person,
theta,-2.141,0.156,-2.426,-1.84,0.002,0.001,4632,10104,1,570,person,
theta,0.581,0.183,0.231,0.923,0.002,0.002,11926,11710,1,1074,person,
theta,0.107,0.161,-0.206,0.402,0.001,0.001,14101,11866,1,449,person,
theta,0.623,0.165,0.31,0.936,0.002,0.001,11376,11952,1,310,person,
theta,0.674,0.158,0.372,0.962,0.002,0.001,8586,12518,1,159,person,
theta,0.499,0.161,0.201,0.803,0.002,0.001,10413,11614,1,54,person,
theta,0.719,0.165,0.418,1.036,0.002,0.001,9562,12207,1,614,person,
theta,-2.532,0.146,-2.808,-2.258,0.003,0.001,3340,7654,1,990,person,
theta,0.086,0.169,-0.235,0.399,0.002,0.001,11900,12882,1,746,person,
theta,-0.287,0.157,-0.581,0.009,0.001,0.001,11393,13172,1,512,person,
theta,0.712,0.174,0.378,1.038,0.002,0.001,11984,12163,1,400,person,
theta,-0.341,0.171,-0.673,-0.028,0.001,0.001,16128,11860,1,212,person,
theta,-0.553,0.167,-0.864,-0.236,0.002,0.001,11692,11623,1,251,person,
theta,-0.892,0.153,-1.2,-0.622,0.002,0.001,7902,11492,1,350,person,
theta,0.249,0.157,-0.048,0.542,0.002,0.001,10436,12185,1,709,person,
theta,-0.197,0.189,-0.545,0.164,0.001,0.002,16282,12743,1,675,person,
theta,-0.788,0.159,-1.082,-0.486,0.002,0.001,10231,12126,1,927,person,
theta,-0.631,0.166,-0.93,-0.313,0.001,0.001,12841,12451,1,262,person,
theta,1.275,0.162,0.97,1.58,0.002,0.001,7576,11162,1,271,person,
theta,-1.084,0.191,-1.435,-0.717,0.002,0.002,9888,12969,1,164,person,
theta,0.693,0.162,0.385,0.993,0.002,0.001,8880,10455,1,914,person,
theta,0.293,0.223,-0.126,0.716,0.002,0.002,19593,13049,1,550,person,
theta,-0.093,0.151,-0.375,0.195,0.001,0.001,11555,11348,1,285,person,
theta,1.07,0.149,0.775,1.338,0.002,0.001,7009,10147,1,292,person,
theta,-0.964,0.193,-1.335,-0.605,0.002,0.002,12662,13233,1,1173,person,
theta,1.05,0.172,0.725,1.371,0.002,0.001,10896,11782,1,233,person,
theta,0.024,0.188,-0.32,0.382,0.002,0.002,14394,13142,1,535,person,
theta,0.73,0.162,0.43,1.043,0.002,0.001,11064,12034,1,206,person,
theta,-0.574,0.172,-0.894,-0.252,0.002,0.001,12362,11607,1,379,person,
theta,-0.945,0.177,-1.277,-0.617,0.002,0.001,11036,11187,1,1032,person,
theta,-0.735,0.194,-1.089,-0.357,0.002,0.002,12743,12565,1,1137,person,
theta,0.498,0.167,0.179,0.815,0.001,0.001,13437,12721,1,1017,person,
theta,0.05,0.163,-0.261,0.346,0.002,0.001,10823,12116,1,331,person,
theta,0.684,0.158,0.391,0.989,0.002,0.001,9329,11346,1,1053,person,
theta,1.013,0.164,0.702,1.322,0.002,0.001,11848,12630,1,200,person,
theta,-0.439,0.169,-0.754,-0.119,0.002,0.001,10506,11051,1,668,person,
theta,0.666,0.159,0.36,0.956,0.002,0.001,10060,11781,1,790,person,
theta,-0.456,0.17,-0.77,-0.132,0.002,0.001,11779,12332,1,170,person,
theta,1.123,0.164,0.814,1.425,0.002,0.001,8256,11089,1,693,person,
theta,-2.061,0.162,-2.371,-1.76,0.002,0.001,4940,9968,1,11,person,
theta,0.481,0.176,0.151,0.811,0.002,0.002,13009,11619,1,1167,person,
theta,1.013,0.146,0.744,1.29,0.002,0.001,7141,10989,1,497,person,
theta,1.023,0.155,0.731,1.316,0.002,0.001,8692,10185,1,26,person,
theta,-0.648,0.16,-0.947,-0.35,0.002,0.001,10435,11556,1,739,person,
theta,1.102,0.155,0.812,1.392,0.002,0.001,7669,11648,1,281,person,
theta,0.178,0.156,-0.113,0.472,0.002,0.001,9620,9765,1,998,person,
theta,0.654,0.158,0.368,0.957,0.002,0.001,10528,12144,1,886,person,
theta,-0.695,0.176,-1.017,-0.354,0.002,0.001,11060,12121,1,197,person,
theta,0.481,0.149,0.2,0.76,0.001,0.001,10132,12424,1,1082,person,
theta,0.591,0.165,0.286,0.906,0.002,0.001,11287,11052,1,494,person,
theta,-0.685,0.161,-0.982,-0.376,0.002,0.001,10451,12133,1,1026,person,
theta,0.813,0.163,0.511,1.124,0.002,0.001,11211,11178,1,1019,person,
theta,-0.5,0.199,-0.867,-0.118,0.002,0.002,16831,12730,1,1142,person,
theta,0.411,0.164,0.102,0.719,0.002,0.001,11336,12496,1,321,person,
theta,-0.235,0.18,-0.576,0.103,0.001,0.001,16840,13213,1,328,person,
theta,0.496,0.169,0.18,0.817,0.002,0.001,10648,12966,1,182,person,
theta,0.732,0.175,0.387,1.045,0.002,0.001,11497,12822,1,831,person,
theta,-0.924,0.164,-1.231,-0.617,0.002,0.001,8592,11007,1,865,person,
theta,-0.288,0.163,-0.594,0.018,0.001,0.001,13105,12009,1,486,person,
theta,-1.493,0.209,-1.879,-1.094,0.002,0.002,13334,12730,1,803,person,
theta,0.527,0.159,0.227,0.825,0.002,0.001,10304,11568,1,23,person,
theta,0.102,0.157,-0.191,0.397,0.002,0.001,10714,12297,1,360,person,
theta,-0.285,0.164,-0.596,0.016,0.002,0.001,10929,11700,1,368,person,
theta,0.626,0.168,0.307,0.942,0.002,0.001,11643,12767,1,1063,person,
theta,0.627,0.166,0.319,0.939,0.002,0.001,10813,10971,1,644,person,
theta,0.91,0.161,0.618,1.223,0.002,0.001,10125,11774,1,1033,person,
theta,-2.552,0.15,-2.833,-2.268,0.003,0.001,3196,8724,1,201,person,
theta,0.426,0.15,0.14,0.709,0.002,0.001,9038,11153,1,1172,person,
theta,0.88,0.164,0.572,1.185,0.002,0.001,9095,12216,1,116,person,
theta,0.214,0.157,-0.072,0.52,0.001,0.001,12220,12620,1,785,person,
theta,0.033,0.158,-0.269,0.329,0.001,0.001,13115,13331,1,288,person,
theta,-0.493,0.167,-0.795,-0.166,0.001,0.001,13946,12364,1,307,person,
theta,-1.436,0.171,-1.752,-1.104,0.002,0.001,8722,10734,1,256,person,
theta,-0.296,0.175,-0.617,0.043,0.001,0.001,13951,12095,1,806,person,
theta,-2.669,0.178,-3.013,-2.343,0.003,0.001,4117,8638,1,740,person,
theta,-0.163,0.19,-0.511,0.203,0.002,0.002,15592,13149,1,946,person,
theta,0.876,0.164,0.574,1.186,0.002,0.001,10390,12294,1,1150,person,
theta,-1.395,0.176,-1.723,-1.063,0.002,0.002,7233,11081,1,595,person,
theta,-1.339,0.178,-1.67,-1.002,0.002,0.001,9161,11878,1,207,person,
theta,0.384,0.169,0.056,0.689,0.002,0.001,12399,12540,1,584,person,
theta,0.779,0.171,0.443,1.091,0.002,0.001,10838,11942,1,540,person,
theta,-2.329,0.161,-2.626,-2.026,0.003,0.001,3865,8024,1,518,person,
theta,0.262,0.156,-0.023,0.563,0.002,0.001,10814,11880,1,88,person,
theta,0.974,0.161,0.672,1.273,0.002,0.001,9196,12074,1,791,person,
theta,0.131,0.174,-0.198,0.456,0.002,0.001,12691,12637,1,819,person,
theta,0.459,0.161,0.155,0.76,0.002,0.001,10658,11886,1,704,person,
theta,-0.618,0.19,-0.978,-0.271,0.002,0.002,13058,12044,1,178,person,
theta,0.131,0.17,-0.178,0.46,0.001,0.001,12904,12477,1,21,person,
theta,0.153,0.185,-0.2,0.501,0.001,0.002,16012,12721,1,627,person,
theta,0.558,0.156,0.27,0.853,0.002,0.001,9497,11314,1,126,person,
theta,-1.321,0.179,-1.661,-0.988,0.002,0.002,10110,10789,1,578,person,
theta,0.743,0.158,0.447,1.039,0.002,0.001,9465,10765,1,782,person,
theta,0.271,0.158,-0.023,0.568,0.002,0.001,10864,11015,1,349,person,
theta,0.27,0.172,-0.059,0.587,0.002,0.001,12717,12986,1,1164,person,
theta,0.042,0.192,-0.321,0.4,0.002,0.002,15732,12229,1,477,person,
theta,0.053,0.16,-0.251,0.352,0.002,0.001,11091,11631,1,931,person,
theta,0.38,0.178,0.061,0.723,0.002,0.002,12274,11853,1,341,person,
theta,-1.448,0.18,-1.794,-1.109,0.002,0.002,8318,9326,1,874,person,
theta,-1.125,0.156,-1.422,-0.834,0.002,0.001,6367,11199,1,22,person,
theta,-0.375,0.175,-0.719,-0.061,0.002,0.001,11805,12648,1,576,person,
theta,0.812,0.157,0.525,1.115,0.002,0.001,9441,11908,1,1018,person,
theta,-1.069,0.202,-1.454,-0.695,0.002,0.002,12112,12049,1,439,person,
theta,-1.07,0.195,-1.444,-0.711,0.002,0.002,13483,12287,1,489,person,
theta,-2.098,0.166,-2.412,-1.793,0.002,0.001,5197,9183,1,1065,person,
theta,0.602,0.17,0.278,0.915,0.002,0.001,11220,12317,1,541,person,
theta,-1.306,0.182,-1.667,-0.981,0.002,0.002,11405,10748,1,651,person,
theta,1.037,0.167,0.727,1.35,0.002,0.001,9894,10609,1,237,person,
theta,-0.503,0.152,-0.793,-0.222,0.001,0.001,10230,13208,1,575,person,
theta,1.008,0.171,0.683,1.324,0.002,0.001,11050,12665,1,606,person,
theta,-1.012,0.151,-1.296,-0.726,0.002,0.001,7094,11748,1,585,person,
theta,0.722,0.162,0.415,1.019,0.002,0.001,10554,11969,1,154,person,
theta,-1.329,0.197,-1.698,-0.954,0.002,0.002,11424,11893,1,988,person,
theta,-1.125,0.187,-1.475,-0.776,0.002,0.002,11173,11753,1,423,person,
theta,-0.518,0.157,-0.818,-0.224,0.002,0.001,9839,12470,1,711,person,
theta,1.167,0.164,0.86,1.472,0.002,0.001,8896,11747,1,872,person,
theta,0.094,0.165,-0.221,0.393,0.002,0.001,11503,12167,1,5,person,
theta,0.94,0.155,0.659,1.242,0.002,0.001,9277,11841,1,1029,person,
theta,0.001,0.16,-0.29,0.311,0.001,0.001,11733,12051,1,647,person,
theta,-0.592,0.166,-0.904,-0.284,0.002,0.001,11600,12440,1,629,person,
theta,0.437,0.166,0.127,0.747,0.002,0.001,10798,10982,1,70,person,
theta,-0.195,0.169,-0.514,0.121,0.002,0.001,12189,12539,1,398,person,
theta,-0.763,0.159,-1.069,-0.468,0.002,0.001,10317,12520,1,227,person,
theta,-1.747,0.161,-2.049,-1.444,0.002,0.001,6159,10646,1,419,person,
theta,0.349,0.178,0.017,0.687,0.001,0.001,16464,12589,1,654,person,
theta,-1.047,0.162,-1.353,-0.741,0.002,0.001,9731,10979,1,406,person,
theta,0.524,0.162,0.221,0.827,0.002,0.001,10148,12499,1,850,person,
theta,-2.48,0.155,-2.768,-2.185,0.003,0.001,3345,6983,1,314,person,
theta,0.526,0.169,0.205,0.84,0.002,0.001,10724,10877,1,135,person,
theta,-0.961,0.181,-1.29,-0.611,0.002,0.002,10461,12509,1,339,person,
theta,-1.962,0.159,-2.269,-1.67,0.002,0.001,4695,10379,1,411,person,
theta,0.587,0.182,0.238,0.924,0.001,0.002,16870,12200,1,1129,person,
theta,0.711,0.17,0.393,1.031,0.002,0.001,11979,12415,1,798,person,
theta,-2.745,0.149,-3.017,-2.455,0.003,0.001,3076,7878,1,180,person,
theta,0.385,0.177,0.042,0.71,0.001,0.002,14505,12210,1,706,person,
theta,0.614,0.158,0.315,0.909,0.002,0.001,10562,11008,1,46,person,
theta,-0.408,0.167,-0.734,-0.105,0.001,0.001,12569,12125,1,556,person,
theta,0.933,0.158,0.64,1.229,0.002,0.001,9371,12103,1,513,person,
theta,1.021,0.165,0.713,1.339,0.002,0.001,9589,10988,1,684,person,
theta,0.124,0.157,-0.166,0.419,0.002,0.001,9628,11722,1,1107,person,
theta,-0.65,0.167,-0.962,-0.337,0.002,0.001,11621,12071,1,830,person,
theta,-2.473,0.149,-2.756,-2.195,0.003,0.001,2907,7934,1,75,person,
theta,-0.245,0.155,-0.537,0.045,0.001,0.001,11488,10473,1,770,person,
theta,-0.344,0.173,-0.668,-0.017,0.002,0.001,12019,12742,1,755,person,
theta,-1.462,0.168,-1.769,-1.136,0.002,0.001,7724,11329,1,187,person,
theta,-0.768,0.185,-1.109,-0.414,0.002,0.002,13392,12114,1,1080,person,
theta,0.706,0.154,0.418,0.996,0.002,0.001,10000,11781,1,915,person,
theta,-0.304,0.166,-0.615,0.009,0.002,0.001,12155,13276,1,462,person,
theta,-0.616,0.162,-0.918,-0.316,0.002,0.001,10240,13904,1,620,person,
theta,1.091,0.169,0.771,1.405,0.002,0.001,10828,11999,1,1022,person,
theta,0.93,0.159,0.642,1.235,0.002,0.001,10835,11744,1,246,person,
theta,0.769,0.159,0.477,1.067,0.002,0.001,8554,12376,1,569,person,
theta,0,0.16,-0.294,0.311,0.001,0.001,13371,12264,1,247,person,
theta,0.42,0.173,0.088,0.744,0.001,0.002,13674,12321,1,29,person,
theta,-0.965,0.184,-1.316,-0.627,0.002,0.002,10679,11817,1,424,person,
theta,-2.471,0.143,-2.736,-2.197,0.003,0.001,2964,8568,1,811,person,
theta,-1.649,0.191,-2.002,-1.288,0.002,0.002,9432,9722,1,534,person,
theta,0.454,0.155,0.168,0.752,0.001,0.001,10730,11498,1,1132,person,
theta,-0.956,0.166,-1.264,-0.638,0.002,0.001,10357,11353,1,980,person,
theta,0.658,0.165,0.362,0.98,0.002,0.001,10795,12596,1,332,person,
theta,-0.72,0.175,-1.049,-0.395,0.002,0.001,11438,13067,1,918,person,
theta,0.652,0.171,0.328,0.966,0.002,0.001,11375,11437,1,19,person,
theta,1.113,0.158,0.819,1.414,0.002,0.001,8088,12254,1,17,person,
theta,0.922,0.15,0.632,1.195,0.002,0.001,8382,12706,1,1105,person,
theta,0.883,0.155,0.591,1.177,0.002,0.001,9518,10445,1,1101,person,
theta,-1.869,0.15,-2.163,-1.602,0.002,0.001,4708,9128,1,166,person,
theta,-0.135,0.168,-0.438,0.192,0.002,0.001,12380,12652,1,646,person,
theta,-0.031,0.179,-0.364,0.311,0.002,0.002,11573,12602,1,564,person,
theta,1.11,0.146,0.826,1.374,0.002,0.001,7683,11599,1,810,person,
theta,0.696,0.164,0.388,0.999,0.002,0.001,10894,13167,1,942,person,
theta,0.63,0.163,0.324,0.935,0.001,0.001,12050,11003,1,228,person,
theta,0.858,0.162,0.553,1.157,0.002,0.001,9805,12761,1,93,person,
theta,0.727,0.157,0.42,1.012,0.002,0.001,8833,12364,1,1004,person,
theta,0.159,0.164,-0.158,0.46,0.002,0.001,10887,12244,1,752,person,
theta,-0.068,0.168,-0.393,0.241,0.002,0.001,12267,12681,1,749,person,
theta,0.996,0.177,0.671,1.331,0.002,0.001,10370,11151,1,89,person,
theta,0.5,0.168,0.181,0.813,0.002,0.001,10254,12127,1,440,person,
theta,1.295,0.155,0.997,1.579,0.002,0.001,8290,11149,1,753,person,
theta,0.292,0.165,-0.018,0.609,0.002,0.001,11426,11816,1,623,person,
theta,-2.148,0.171,-2.468,-1.828,0.002,0.002,5410,10486,1,922,person,
theta,-0.299,0.161,-0.594,0.01,0.002,0.001,11325,10670,1,837,person,
theta,0.493,0.174,0.177,0.832,0.002,0.001,12714,12677,1,335,person,
theta,0.716,0.168,0.402,1.032,0.002,0.001,10724,11630,1,552,person,
theta,-2.419,0.151,-2.71,-2.139,0.003,0.001,3188,7064,1,856,person,
theta,0.281,0.169,-0.028,0.608,0.002,0.001,11638,12282,1,975,person,
theta,0.044,0.158,-0.253,0.343,0.001,0.001,12338,12524,1,51,person,
theta,1.195,0.158,0.902,1.495,0.002,0.001,8093,12642,1,311,person,
theta,0.113,0.189,-0.235,0.471,0.001,0.002,16340,12121,1,250,person,
theta,-0.02,0.155,-0.316,0.264,0.002,0.001,9835,11347,1,377,person,
theta,-2.245,0.159,-2.551,-1.949,0.002,0.001,4255,8516,1,121,person,
theta,-0.653,0.188,-1.01,-0.307,0.002,0.002,12198,12664,1,958,person,
theta,-2.358,0.155,-2.648,-2.072,0.003,0.001,3491,7927,1,1062,person,
theta,-1.354,0.174,-1.674,-1.03,0.002,0.001,7795,12011,1,404,person,
theta,-0.723,0.167,-1.052,-0.419,0.002,0.001,10653,11936,1,53,person,
theta,-0.006,0.179,-0.342,0.328,0.001,0.001,15835,13042,1,727,person,
theta,0.949,0.167,0.639,1.265,0.002,0.001,9442,11454,1,528,person,
theta,0.507,0.164,0.196,0.808,0.002,0.001,11283,10776,1,183,person,
theta,-1.041,0.171,-1.354,-0.717,0.002,0.001,11568,12346,1,784,person,
theta,-2.516,0.144,-2.792,-2.253,0.003,0.001,3130,8775,1,669,person,
theta,1.086,0.152,0.802,1.373,0.002,0.001,7136,11952,1,1146,person,
theta,0.641,0.172,0.33,0.974,0.002,0.001,11054,11444,1,479,person,
theta,0.483,0.157,0.187,0.775,0.002,0.001,10196,9402,1,366,person,
theta,-0.712,0.175,-1.039,-0.381,0.002,0.001,12578,12527,1,218,person,
theta,0.033,0.158,-0.258,0.334,0.001,0.001,11974,12697,1,375,person,
theta,-0.685,0.147,-0.96,-0.408,0.002,0.001,8726,11173,1,420,person,
theta,0.992,0.162,0.696,1.306,0.002,0.001,8665,11492,1,687,person,
theta,-0.912,0.165,-1.219,-0.597,0.002,0.001,9140,10852,1,842,person,
theta,-2.656,0.156,-2.962,-2.375,0.003,0.001,2976,8134,1,30,person,
theta,0.375,0.175,0.041,0.699,0.001,0.001,14212,11928,1,996,person,
theta,-1.256,0.18,-1.596,-0.926,0.002,0.002,8082,10911,1,459,person,
theta,1.029,0.157,0.737,1.33,0.002,0.001,8951,10662,1,663,person,
theta,0.019,0.179,-0.307,0.362,0.002,0.002,13450,11310,1,1149,person,
theta,1.181,0.161,0.888,1.492,0.002,0.001,8928,11732,1,222,person,
theta,-1.351,0.164,-1.666,-1.049,0.002,0.001,7757,11742,1,215,person,
theta,0.619,0.162,0.306,0.915,0.002,0.001,9814,12653,1,1127,person,
theta,0.46,0.165,0.157,0.775,0.002,0.001,11269,12226,1,425,person,
theta,0.637,0.162,0.334,0.937,0.002,0.001,10051,12113,1,963,person,
theta,-0.122,0.196,-0.498,0.243,0.002,0.002,16469,12026,1,96,person,
theta,-0.147,0.177,-0.49,0.177,0.001,0.001,14756,12341,1,916,person,
theta,0.595,0.153,0.298,0.872,0.002,0.001,9269,11138,1,325,person,
theta,1.1,0.153,0.808,1.385,0.002,0.001,8734,10407,1,594,person,
theta,-1.04,0.185,-1.39,-0.696,0.002,0.002,11347,11729,1,774,person,
theta,-1.482,0.165,-1.783,-1.165,0.002,0.001,7548,11754,1,79,person,
theta,0.73,0.184,0.386,1.076,0.002,0.002,12140,12245,1,658,person,
theta,1.077,0.167,0.762,1.388,0.002,0.001,9052,12209,1,56,person,
theta,0.71,0.18,0.374,1.05,0.002,0.001,12073,13281,1,589,person,
theta,0.168,0.153,-0.121,0.451,0.001,0.001,11627,11788,1,329,person,
theta,1.106,0.161,0.801,1.405,0.002,0.001,8979,12258,1,205,person,
theta,-1.172,0.148,-1.459,-0.904,0.002,0.001,6784,10396,1,95,person,
theta,-0.414,0.161,-0.714,-0.112,0.002,0.001,10088,11980,1,141,person,
theta,-2.668,0.159,-2.964,-2.369,0.003,0.001,3525,8998,1,978,person,
theta,0.295,0.156,0.001,0.591,0.001,0.001,11487,11760,1,431,person,
theta,-0.883,0.164,-1.192,-0.574,0.002,0.001,10619,11452,1,631,person,
theta,0.985,0.159,0.683,1.284,0.002,0.001,9267,12041,1,545,person,
theta,-0.487,0.17,-0.81,-0.164,0.002,0.001,9650,13119,1,399,person,
theta,-0.419,0.185,-0.782,-0.084,0.002,0.002,13577,12005,1,442,person,
theta,1.092,0.163,0.784,1.396,0.002,0.001,8427,12026,1,917,person,
theta,1.146,0.164,0.833,1.45,0.002,0.001,8822,11551,1,2,person,
theta,0.589,0.195,0.219,0.95,0.002,0.002,15333,12830,1,780,person,
theta,0.22,0.172,-0.104,0.538,0.002,0.001,10803,11784,1,1176,person,
theta,0.704,0.164,0.399,1.013,0.002,0.001,9357,11945,1,402,person,
theta,0.426,0.168,0.105,0.738,0.002,0.001,10432,11895,1,721,person,
theta,0.88,0.155,0.587,1.17,0.002,0.001,9148,11303,1,970,person,
theta,-0.132,0.161,-0.43,0.17,0.002,0.001,10425,11472,1,747,person,
theta,0.619,0.151,0.338,0.906,0.002,0.001,9002,11338,1,273,person,
theta,0.646,0.152,0.365,0.937,0.002,0.001,7691,10972,1,232,person,
theta,-0.711,0.162,-1.015,-0.402,0.002,0.001,9819,12674,1,725,person,
theta,0.954,0.163,0.645,1.258,0.002,0.001,8924,10416,1,926,person,
theta,0.765,0.149,0.478,1.036,0.002,0.001,9515,13164,1,738,person,
theta,0.544,0.17,0.212,0.852,0.001,0.001,13650,12149,1,363,person,
theta,0.493,0.174,0.175,0.83,0.002,0.002,12484,12555,1,40,person,
theta,0.124,0.171,-0.212,0.432,0.002,0.001,12168,12043,1,1159,person,
theta,0.507,0.158,0.214,0.807,0.002,0.001,8898,11833,1,1060,person,
theta,0.894,0.16,0.582,1.184,0.002,0.001,9684,13335,1,724,person,
theta,-0.69,0.162,-0.986,-0.377,0.002,0.001,10820,10846,1,737,person,
theta,0.21,0.18,-0.129,0.552,0.001,0.001,14550,12696,1,1089,person,
theta,0.445,0.164,0.145,0.764,0.002,0.001,11467,12148,1,562,person,
theta,-0.009,0.154,-0.291,0.287,0.001,0.001,11465,12430,1,682,person,
theta,-1.647,0.158,-1.935,-1.344,0.002,0.001,5811,9537,1,783,person,
theta,0.328,0.158,0.033,0.625,0.001,0.001,11989,11524,1,847,person,
theta,-0.269,0.156,-0.566,0.018,0.002,0.001,10576,12579,1,655,person,
theta,-2.074,0.167,-2.384,-1.752,0.002,0.001,5797,10603,1,464,person,
theta,-0.524,0.177,-0.856,-0.188,0.002,0.002,11950,11212,1,1042,person,
theta,1.149,0.153,0.871,1.441,0.002,0.001,8174,12817,1,742,person,
theta,0.193,0.182,-0.145,0.541,0.001,0.002,16985,12595,1,947,person,
theta,-1.712,0.167,-2.027,-1.397,0.002,0.001,6446,11049,1,168,person,
theta,0.508,0.17,0.207,0.842,0.002,0.001,11510,12326,1,32,person,
theta,-0.026,0.172,-0.369,0.278,0.001,0.001,13970,12531,1,1130,person,
theta,1.149,0.161,0.836,1.442,0.002,0.001,9094,11442,1,260,person,
theta,0.454,0.185,0.11,0.802,0.002,0.002,12518,12235,1,434,person,
theta,-0.997,0.166,-1.306,-0.679,0.002,0.001,8384,12715,1,642,person,
theta,-0.805,0.178,-1.145,-0.479,0.002,0.002,13207,10921,1,716,person,
theta,0.485,0.172,0.158,0.803,0.002,0.001,11549,12924,1,35,person,
theta,0.552,0.163,0.234,0.845,0.002,0.001,10718,12170,1,581,person,
theta,0.362,0.162,0.055,0.659,0.001,0.001,12711,12435,1,1028,person,
theta,1.156,0.157,0.866,1.456,0.002,0.001,8011,11669,1,68,person,
theta,0.258,0.188,-0.102,0.6,0.001,0.002,17515,13079,1,345,person,
theta,-0.51,0.157,-0.806,-0.221,0.002,0.001,9314,12449,1,104,person,
theta,0.84,0.173,0.507,1.156,0.002,0.001,10388,11987,1,1117,person,
theta,0.227,0.178,-0.11,0.559,0.001,0.002,14363,10763,1,960,person,
theta,0.7,0.184,0.346,1.039,0.002,0.002,13620,12225,1,361,person,
theta,-0.972,0.173,-1.292,-0.646,0.002,0.001,9360,12362,1,1125,person,
theta,0.78,0.153,0.486,1.066,0.002,0.001,9131,12057,1,248,person,
theta,0.666,0.16,0.365,0.959,0.002,0.001,9648,12299,1,498,person,
theta,0.743,0.163,0.423,1.04,0.002,0.001,10082,12558,1,549,person,
theta,0.397,0.167,0.092,0.722,0.002,0.001,12007,11963,1,940,person,
theta,-1.117,0.19,-1.473,-0.762,0.002,0.002,11371,11165,1,1086,person,
theta,-0.386,0.166,-0.693,-0.066,0.002,0.001,10207,13009,1,371,person,
theta,-0.15,0.157,-0.446,0.141,0.001,0.001,11031,12398,1,607,person,
theta,1.3,0.17,0.98,1.616,0.002,0.001,7639,11879,1,499,person,
theta,-1.15,0.159,-1.469,-0.867,0.002,0.001,10085,10991,1,957,person,
theta,0.216,0.164,-0.094,0.524,0.001,0.001,12421,13775,1,385,person,
theta,0.92,0.162,0.615,1.225,0.002,0.001,8911,12311,1,1050,person,
theta,-0.941,0.173,-1.277,-0.627,0.002,0.001,11389,11868,1,649,person,
theta,-1.385,0.154,-1.683,-1.103,0.002,0.001,6732,11918,1,18,person,
theta,0.641,0.177,0.314,0.983,0.002,0.001,10900,13029,1,1145,person,
theta,-0.054,0.167,-0.368,0.258,0.002,0.001,11333,12443,1,821,person,
theta,-0.902,0.161,-1.204,-0.597,0.002,0.001,9331,11720,1,717,person,
theta,0.785,0.172,0.478,1.123,0.002,0.001,12158,13026,1,857,person,
theta,-2.74,0.16,-3.042,-2.444,0.003,0.001,2861,6265,1,208,person,
theta,-0.466,0.173,-0.79,-0.141,0.001,0.001,13435,11321,1,866,person,
theta,-0.93,0.181,-1.284,-0.604,0.002,0.001,12485,12772,1,415,person,
theta,-1.783,0.161,-2.098,-1.487,0.002,0.001,5683,11419,1,136,person,
theta,0.774,0.17,0.45,1.096,0.002,0.001,10586,13065,1,1010,person,
theta,-0.637,0.162,-0.949,-0.337,0.002,0.001,10657,11143,1,883,person,
theta,1.582,0.157,1.29,1.876,0.002,0.001,6221,10958,1,781,person,
theta,0.216,0.168,-0.105,0.527,0.001,0.001,13468,12013,1,1058,person,
theta,-0.743,0.166,-1.046,-0.424,0.002,0.001,9711,12555,1,73,person,
theta,0.173,0.175,-0.148,0.514,0.001,0.001,14359,12973,1,203,person,
theta,-0.043,0.177,-0.379,0.287,0.002,0.002,12357,11166,1,863,person,
theta,1.003,0.157,0.698,1.29,0.002,0.001,8822,10175,1,720,person,
theta,0.651,0.179,0.318,0.992,0.001,0.002,15753,12766,1,1066,person,
theta,-0.116,0.165,-0.424,0.199,0.002,0.001,11025,13357,1,920,person,
theta,-0.114,0.17,-0.44,0.201,0.002,0.001,11447,13350,1,773,person,
theta,0.149,0.172,-0.172,0.472,0.001,0.001,14490,13793,1,951,person,
theta,-0.368,0.17,-0.69,-0.054,0.002,0.001,10492,12106,1,899,person,
theta,0.236,0.171,-0.086,0.556,0.002,0.001,12526,13712,1,698,person,
theta,-0.377,0.173,-0.687,-0.038,0.002,0.001,9700,12529,1,1002,person,
theta,0.387,0.166,0.06,0.685,0.002,0.001,11766,12813,1,306,person,
theta,0.604,0.159,0.302,0.896,0.002,0.001,9705,12557,1,1156,person,
theta,0.166,0.181,-0.172,0.506,0.002,0.002,13028,12275,1,105,person,
theta,0.691,0.159,0.389,0.988,0.002,0.001,10044,11478,1,296,person,
theta,0.089,0.167,-0.228,0.398,0.001,0.001,14665,11872,1,103,person,
theta,-0.295,0.181,-0.648,0.029,0.001,0.001,15123,13108,1,997,person,
theta,0.582,0.175,0.257,0.912,0.002,0.001,11328,13488,1,993,person,
theta,0.489,0.164,0.171,0.791,0.002,0.001,11571,12954,1,876,person,
theta,-0.138,0.182,-0.476,0.202,0.001,0.001,15748,12580,1,805,person,
theta,1.308,0.162,0.998,1.607,0.002,0.001,8471,10819,1,537,person,
theta,0.531,0.161,0.224,0.83,0.002,0.001,10092,11881,1,286,person,
theta,0.416,0.161,0.119,0.724,0.002,0.001,10375,12612,1,143,person,
theta,-0.574,0.18,-0.899,-0.222,0.002,0.001,12352,12734,1,621,person,
theta,-0.247,0.18,-0.584,0.093,0.002,0.001,13806,12622,1,78,person,
theta,-2.433,0.149,-2.717,-2.156,0.003,0.001,3312,8072,1,283,person,
theta,-0.38,0.167,-0.697,-0.07,0.002,0.001,11901,12438,1,487,person,
theta,-0.442,0.167,-0.759,-0.137,0.002,0.001,10713,11679,1,1192,person,
theta,1.106,0.149,0.832,1.388,0.002,0.001,7754,10329,1,982,person,
theta,0.581,0.157,0.294,0.886,0.002,0.001,10429,12108,1,797,person,
theta,-0.512,0.168,-0.823,-0.189,0.001,0.001,13310,11012,1,757,person,
theta,-1.075,0.158,-1.365,-0.777,0.002,0.001,7354,10991,1,688,person,
theta,0.389,0.156,0.096,0.682,0.002,0.001,10832,12749,1,732,person,
theta,-2.659,0.157,-2.959,-2.374,0.003,0.001,3202,7900,1,890,person,
theta,-0.373,0.165,-0.677,-0.061,0.001,0.001,12477,13188,1,323,person,
theta,0.764,0.164,0.46,1.073,0.002,0.001,10270,12052,1,1108,person,
theta,-1.549,0.152,-1.829,-1.261,0.002,0.001,5882,9652,1,161,person,
theta,-0.746,0.157,-1.037,-0.45,0.002,0.001,8576,10990,1,553,person,
theta,-2.126,0.157,-2.424,-1.832,0.002,0.001,4792,9423,1,1185,person,
theta,-1.407,0.163,-1.708,-1.099,0.002,0.001,6026,10479,1,387,person,
theta,0.179,0.179,-0.155,0.511,0.001,0.001,14593,13191,1,475,person,
theta,-2.581,0.152,-2.869,-2.299,0.003,0.001,3260,7342,1,526,person,
theta,-0.436,0.174,-0.758,-0.108,0.002,0.001,13265,11761,1,473,person,
theta,-1.384,0.16,-1.686,-1.088,0.002,0.001,6583,10863,1,1187,person,
theta,1.307,0.181,0.962,1.64,0.002,0.001,9661,12069,1,579,person,
theta,0.912,0.177,0.581,1.248,0.002,0.001,10722,11571,1,854,person,
theta,-0.459,0.177,-0.795,-0.129,0.001,0.001,14586,13577,1,765,person,
theta,-0.048,0.167,-0.364,0.26,0.001,0.001,13423,12119,1,123,person,
theta,0.447,0.169,0.13,0.762,0.001,0.001,13026,12295,1,538,person,
theta,-0.18,0.172,-0.501,0.144,0.001,0.001,13124,13345,1,219,person,
theta,-0.959,0.172,-1.286,-0.643,0.002,0.001,9948,12161,1,977,person,
theta,-1.204,0.173,-1.528,-0.883,0.002,0.001,9529,12922,1,333,person,
theta,-2.605,0.16,-2.899,-2.3,0.003,0.001,3415,9778,1,338,person,
theta,-0.871,0.165,-1.191,-0.567,0.001,0.001,12081,12386,1,630,person,
theta,-0.037,0.166,-0.341,0.275,0.002,0.001,10826,12638,1,142,person,
theta,0.203,0.161,-0.098,0.505,0.002,0.001,10868,11106,1,393,person,
theta,-0.501,0.166,-0.808,-0.183,0.002,0.001,11764,13633,1,111,person,
theta,0.463,0.161,0.161,0.765,0.002,0.001,10260,11351,1,894,person,
theta,0.307,0.159,0.003,0.596,0.001,0.001,11382,12255,1,139,person,
theta,-1.621,0.148,-1.902,-1.348,0.002,0.001,5786,9686,1,816,person,
theta,1.04,0.169,0.718,1.355,0.002,0.002,9595,10801,1,1048,person,
theta,-0.054,0.162,-0.366,0.242,0.002,0.001,10200,11963,1,944,person,
theta,0.916,0.183,0.576,1.262,0.002,0.002,12095,10471,1,815,person,
theta,1.159,0.162,0.851,1.456,0.002,0.001,8081,11329,1,1111,person,
theta,-0.005,0.172,-0.335,0.31,0.002,0.001,11929,12089,1,1188,person,
theta,0.508,0.154,0.226,0.802,0.001,0.001,10888,12121,1,985,person,
theta,-2.306,0.16,-2.612,-2.011,0.002,0.001,4181,9284,1,612,person,
theta,-1.384,0.169,-1.698,-1.065,0.002,0.001,7348,11412,1,609,person,
theta,1.13,0.174,0.807,1.462,0.002,0.001,9546,11633,1,673,person,
theta,1.025,0.161,0.725,1.336,0.002,0.001,9240,11976,1,902,person,
theta,-0.872,0.183,-1.221,-0.534,0.002,0.001,13066,12641,1,994,person,
theta,-1.323,0.188,-1.675,-0.968,0.002,0.002,11178,13007,1,882,person,
theta,1.139,0.169,0.833,1.463,0.002,0.001,9147,12503,1,269,person,
theta,0.383,0.151,0.096,0.658,0.002,0.001,9774,10831,1,853,person,
theta,-0.658,0.176,-0.99,-0.332,0.002,0.001,11920,12546,1,1110,person,
theta,0.174,0.18,-0.172,0.502,0.002,0.002,13811,12411,1,812,person,
theta,-1.601,0.181,-1.941,-1.253,0.002,0.001,7879,10460,1,694,person,
theta,1.298,0.157,1.013,1.599,0.002,0.001,7057,10697,1,1057,person,
theta,0.568,0.168,0.253,0.884,0.002,0.001,10042,11490,1,1051,person,
theta,0.455,0.168,0.158,0.782,0.002,0.001,12121,12591,1,20,person,
theta,-0.462,0.165,-0.776,-0.154,0.002,0.001,11528,11451,1,769,person,
theta,-2.909,0.165,-3.219,-2.599,0.003,0.001,3029,7843,1,587,person,
theta,-0.109,0.186,-0.465,0.233,0.002,0.002,14661,13304,1,130,person,
theta,0.101,0.167,-0.206,0.424,0.001,0.001,12879,13435,1,895,person,
theta,-1.342,0.177,-1.671,-1.011,0.002,0.001,8738,13062,1,1001,person,
theta,0.711,0.152,0.416,0.984,0.002,0.001,9075,12092,1,263,person,
theta,0.242,0.191,-0.118,0.598,0.002,0.002,13573,12848,1,81,person,
theta,-0.474,0.157,-0.777,-0.19,0.001,0.001,11035,12797,1,573,person,
theta,1.178,0.163,0.869,1.483,0.002,0.001,7832,12316,1,432,person,
theta,0.909,0.156,0.612,1.197,0.002,0.001,8778,10110,1,355,person,
theta,0.72,0.153,0.428,1.002,0.002,0.001,9130,10700,1,342,person,
theta,0.457,0.169,0.145,0.78,0.001,0.001,13346,13201,1,293,person,
theta,-0.719,0.165,-1.031,-0.409,0.001,0.001,12623,11255,1,1020,person,
theta,-0.094,0.189,-0.451,0.265,0.002,0.002,14431,12099,1,870,person,
theta,0.92,0.163,0.615,1.224,0.002,0.001,9747,11315,1,787,person,
theta,0.43,0.183,0.093,0.779,0.001,0.002,15139,12717,1,776,person,
theta,-0.313,0.151,-0.594,-0.028,0.002,0.001,9977,11862,1,133,person,
theta,-0.246,0.173,-0.572,0.075,0.001,0.001,14313,11008,1,119,person,
theta,0.936,0.169,0.613,1.25,0.002,0.001,10153,12174,1,592,person,
theta,0.496,0.157,0.196,0.789,0.001,0.001,11067,11979,1,461,person,
theta,1.166,0.159,0.872,1.472,0.002,0.001,7710,10698,1,822,person,
theta,0.626,0.191,0.273,0.987,0.002,0.002,12850,12927,1,530,person,
theta,0.609,0.153,0.326,0.901,0.002,0.001,9621,11769,1,485,person,
theta,0.364,0.154,0.08,0.665,0.001,0.001,10811,9975,1,509,person,
theta,-0.146,0.175,-0.481,0.181,0.002,0.001,10667,11529,1,613,person,
theta,-0.329,0.175,-0.654,0.005,0.002,0.002,12744,12446,1,330,person,
theta,0.527,0.17,0.197,0.836,0.002,0.001,11158,11821,1,467,person,
theta,-0.067,0.172,-0.384,0.257,0.002,0.001,11959,11613,1,1143,person,
theta,1.175,0.168,0.861,1.494,0.002,0.001,8597,11721,1,525,person,
theta,0.785,0.143,0.514,1.048,0.002,0.001,7547,10526,1,48,person,
theta,-2.453,0.147,-2.729,-2.179,0.002,0.001,3656,7632,1,45,person,
theta,0.965,0.16,0.675,1.272,0.002,0.001,10139,12167,1,1112,person,
theta,-1.973,0.154,-2.266,-1.684,0.002,0.001,4983,10665,1,758,person,
theta,0.847,0.157,0.543,1.132,0.002,0.001,10229,12549,1,860,person,
theta,-0.844,0.202,-1.215,-0.451,0.002,0.002,14975,12999,1,836,person,
theta,0.171,0.164,-0.142,0.478,0.001,0.001,12766,11828,1,674,person,
theta,-0.73,0.17,-1.051,-0.412,0.002,0.001,10281,11752,1,309,person,
theta,0.279,0.164,-0.035,0.586,0.002,0.001,10059,11468,1,480,person,
theta,0.486,0.168,0.173,0.801,0.002,0.001,11689,12522,1,1045,person,
theta,-1.646,0.151,-1.922,-1.357,0.002,0.001,5531,9678,1,670,person,
theta,-0.321,0.173,-0.659,-0.011,0.001,0.001,13886,12946,1,610,person,
theta,-0.861,0.148,-1.13,-0.578,0.002,0.001,7570,11398,1,1100,person,
theta,0.591,0.15,0.319,0.874,0.002,0.001,9398,11969,1,433,person,
theta,-0.39,0.183,-0.725,-0.041,0.002,0.001,14082,12884,1,252,person,
theta,-0.011,0.201,-0.406,0.353,0.001,0.002,20197,13674,1,488,person,
theta,1.092,0.161,0.791,1.394,0.002,0.001,8978,12302,1,516,person,
theta,1.086,0.153,0.802,1.381,0.002,0.001,8521,12321,1,369,person,
theta,-0.159,0.161,-0.458,0.147,0.002,0.001,9441,12421,1,559,person,
theta,0.191,0.175,-0.147,0.509,0.002,0.002,12995,10547,1,471,person,
theta,-0.676,0.182,-1.019,-0.337,0.002,0.001,12957,13002,1,390,person,
theta,-0.098,0.162,-0.402,0.205,0.002,0.001,10998,13715,1,1144,person,
theta,0.467,0.151,0.18,0.749,0.001,0.001,10261,13411,1,418,person,
theta,-0.381,0.178,-0.738,-0.065,0.002,0.001,12504,11386,1,428,person,
theta,-2.512,0.156,-2.809,-2.223,0.002,0.001,4073,6877,1,618,person,
theta,-0.538,0.156,-0.825,-0.242,0.002,0.001,10223,11374,1,966,person,
theta,0.911,0.171,0.592,1.235,0.002,0.001,9201,10667,1,382,person,
theta,0.013,0.171,-0.304,0.337,0.002,0.002,10885,11873,1,1097,person,
theta,-0.044,0.162,-0.341,0.269,0.002,0.001,10524,12746,1,1030,person,
theta,-0.449,0.167,-0.766,-0.141,0.002,0.001,11111,12564,1,266,person,
theta,-2.724,0.158,-3.023,-2.429,0.003,0.001,3661,8359,1,779,person,
theta,-0.023,0.176,-0.361,0.297,0.001,0.002,14939,12293,1,599,person,
theta,-0.299,0.181,-0.63,0.051,0.002,0.002,12994,11713,1,15,person,
theta,0.511,0.166,0.203,0.823,0.002,0.001,9960,12631,1,718,person,
theta,-0.768,0.193,-1.12,-0.397,0.002,0.002,13581,13145,1,137,person,
theta,0.667,0.161,0.366,0.969,0.002,0.001,10979,12719,1,1124,person,
theta,-0.167,0.155,-0.46,0.12,0.002,0.001,9448,12465,1,933,person,
theta,0.662,0.173,0.34,0.987,0.002,0.002,10446,10435,1,364,person,
theta,0.17,0.182,-0.173,0.509,0.002,0.002,13630,12643,1,226,person,
theta,-0.565,0.175,-0.909,-0.249,0.001,0.002,13863,12408,1,521,person,
theta,0.746,0.168,0.431,1.061,0.002,0.001,10905,12186,1,1034,person,
theta,0.791,0.176,0.451,1.112,0.002,0.001,12597,12603,1,691,person,
theta,-0.052,0.174,-0.388,0.264,0.001,0.001,14591,11920,1,362,person,
theta,-0.553,0.168,-0.874,-0.242,0.002,0.002,11507,10800,1,185,person,
theta,0.183,0.178,-0.139,0.531,0.001,0.002,16563,12071,1,563,person,
theta,1.091,0.154,0.811,1.392,0.002,0.001,7769,9329,1,844,person,
theta,-2.447,0.145,-2.72,-2.175,0.002,0.001,3519,7311,1,299,person,
theta,0.142,0.177,-0.183,0.485,0.001,0.001,16606,12411,1,109,person,
theta,-1.199,0.178,-1.54,-0.87,0.002,0.001,9369,12949,1,503,person,
theta,0.307,0.164,-0.002,0.61,0.002,0.001,11177,11656,1,778,person,
theta,0.099,0.157,-0.199,0.388,0.002,0.001,10286,11551,1,469,person,
theta,-0.672,0.191,-1.024,-0.307,0.002,0.002,14550,13071,1,445,person,
theta,-0.057,0.159,-0.351,0.247,0.002,0.001,11091,13050,1,867,person,
theta,-1.176,0.17,-1.504,-0.86,0.002,0.002,8947,10701,1,741,person,
theta,1.169,0.182,0.817,1.505,0.002,0.002,10444,12509,1,799,person,
theta,0.296,0.165,-0.016,0.601,0.001,0.001,13418,12726,1,906,person,
theta,-0.458,0.173,-0.789,-0.135,0.002,0.001,11481,11649,1,316,person,
theta,-0.604,0.177,-0.934,-0.271,0.002,0.002,13366,10043,1,664,person,
theta,-2.642,0.156,-2.938,-2.351,0.003,0.001,3212,8457,1,172,person,
theta,1.473,0.17,1.142,1.783,0.002,0.001,7292,11736,1,413,person,
theta,-0.731,0.165,-1.032,-0.418,0.002,0.001,10145,11976,1,174,person,
theta,0.675,0.17,0.353,0.987,0.002,0.001,11437,13052,1,611,person,
theta,0.723,0.176,0.388,1.049,0.002,0.001,12479,12493,1,186,person,
theta,0.793,0.166,0.48,1.104,0.002,0.001,10986,11372,1,864,person,
theta,-1.045,0.174,-1.364,-0.709,0.002,0.001,9416,11555,1,265,person,
theta,-0.214,0.165,-0.523,0.098,0.002,0.001,10567,11946,1,590,person,
theta,-2.465,0.156,-2.76,-2.172,0.003,0.001,3266,8383,1,680,person,
theta,-1.733,0.167,-2.042,-1.413,0.002,0.001,6363,9098,1,149,person,
theta,0.883,0.164,0.585,1.201,0.002,0.001,9747,12045,1,496,person,
theta,1.042,0.159,0.742,1.337,0.002,0.001,8717,10684,1,1085,person,
theta,0.81,0.168,0.498,1.135,0.002,0.001,10901,12599,1,151,person,
theta,0.465,0.177,0.139,0.802,0.001,0.001,16764,13118,1,953,person,
theta,1.189,0.155,0.902,1.483,0.002,0.001,7111,11096,1,935,person,
theta,-0.124,0.173,-0.441,0.209,0.001,0.001,14119,12986,1,633,person,
theta,-0.363,0.16,-0.668,-0.063,0.002,0.001,10592,11712,1,833,person,
theta,0.619,0.152,0.324,0.9,0.002,0.001,9689,10647,1,1094,person,
theta,1.205,0.159,0.912,1.504,0.002,0.001,8087,11717,1,505,person,
theta,-0.254,0.179,-0.588,0.087,0.002,0.001,12793,13129,1,1054,person,
theta,0.773,0.165,0.471,1.087,0.002,0.001,11903,13163,1,1153,person,
theta,0.209,0.168,-0.119,0.512,0.002,0.001,10172,12290,1,234,person,
theta,-0.09,0.146,-0.361,0.187,0.002,0.001,8959,11005,1,198,person,
theta,-1.014,0.178,-1.352,-0.682,0.002,0.001,11665,11940,1,140,person,
theta,1.042,0.156,0.75,1.336,0.002,0.001,8881,12058,1,1041,person,
theta,0.069,0.157,-0.231,0.359,0.001,0.001,13190,11282,1,1061,person,
theta,-0.71,0.183,-1.048,-0.363,0.002,0.002,10957,12378,1,38,person,
theta,-2.647,0.147,-2.919,-2.372,0.003,0.001,2511,5876,1,383,person,
theta,-0.268,0.171,-0.583,0.059,0.001,0.001,13822,11966,1,638,person,
theta,-0.027,0.171,-0.344,0.299,0.001,0.001,14394,11689,1,719,person,
theta,-0.959,0.192,-1.317,-0.592,0.002,0.002,12377,13062,1,1003,person,
theta,0.839,0.173,0.513,1.158,0.002,0.001,10961,12803,1,884,person,
theta,0.177,0.172,-0.136,0.514,0.002,0.001,12547,12407,1,542,person,
theta,-0.2,0.179,-0.541,0.138,0.001,0.002,14971,12760,1,196,person,
theta,0.207,0.169,-0.105,0.529,0.001,0.001,14356,11098,1,367,person,
theta,-1.804,0.195,-2.174,-1.441,0.002,0.002,9740,10379,1,1120,person,
theta,1.218,0.162,0.92,1.528,0.002,0.001,8276,11628,1,950,person,
theta,1.186,0.17,0.886,1.517,0.002,0.001,8841,12792,1,565,person,
theta,0.105,0.175,-0.229,0.431,0.002,0.001,13291,13224,1,202,person,
theta,0.059,0.157,-0.234,0.362,0.002,0.001,9871,12374,1,832,person,
theta,0.142,0.177,-0.182,0.482,0.002,0.001,13019,11406,1,637,person,
theta,0.661,0.188,0.302,1.008,0.002,0.002,14316,12548,1,118,person,
theta,0.522,0.151,0.233,0.801,0.002,0.001,8836,12284,1,36,person,
theta,1.809,0.156,1.53,2.112,0.002,0.001,5344,11209,1,969,person,
theta,0.299,0.171,-0.026,0.617,0.002,0.001,11094,13301,1,33,person,
theta,0.177,0.165,-0.124,0.496,0.001,0.001,12201,12546,1,1175,person,
theta,1.358,0.155,1.077,1.663,0.002,0.001,6206,9997,1,417,person,
theta,-2.755,0.163,-3.068,-2.455,0.003,0.001,3386,7818,1,683,person,
theta,0.042,0.159,-0.272,0.328,0.001,0.001,11926,11493,1,131,person,
theta,-0.118,0.168,-0.445,0.19,0.002,0.001,11281,11907,1,409,person,
theta,0.734,0.17,0.409,1.045,0.002,0.001,9906,10683,1,221,person,
theta,0.483,0.156,0.191,0.773,0.002,0.001,10369,11645,1,225,person,
theta,0.907,0.166,0.598,1.22,0.002,0.001,9983,12331,1,604,person,
theta,0.066,0.194,-0.307,0.419,0.001,0.002,17538,12350,1,500,person,
theta,0.523,0.159,0.216,0.813,0.001,0.001,13738,12593,1,1165,person,
theta,-0.206,0.165,-0.52,0.098,0.001,0.001,12922,12767,1,910,person,
theta,0.49,0.184,0.139,0.836,0.002,0.002,13302,12339,1,153,person,
theta,-0.499,0.159,-0.791,-0.199,0.001,0.001,11329,12022,1,937,person,
theta,0.34,0.154,0.056,0.631,0.001,0.001,12361,12043,1,1093,person,
theta,0.188,0.169,-0.134,0.503,0.001,0.001,16195,13360,1,52,person,
theta,-2.633,0.153,-2.918,-2.345,0.003,0.001,3181,7607,1,596,person,
theta,0.298,0.163,-0.013,0.599,0.002,0.001,10649,12643,1,712,person,
theta,0.896,0.155,0.604,1.181,0.002,0.001,10041,11244,1,291,person,
theta,1.256,0.162,0.958,1.568,0.002,0.001,8367,10184,1,122,person,
theta,0.277,0.159,-0.034,0.564,0.002,0.001,10049,12562,1,671,person,
theta,0.727,0.166,0.422,1.039,0.002,0.001,11326,14440,1,515,person,
theta,0.862,0.17,0.551,1.182,0.002,0.001,11874,13314,1,1038,person,
theta,-0.267,0.177,-0.597,0.066,0.001,0.001,15807,13805,1,1126,person,
theta,-0.397,0.181,-0.729,-0.048,0.001,0.002,15238,12730,1,152,person,
theta,0.823,0.166,0.507,1.128,0.002,0.001,9618,9846,1,873,person,
theta,-0.696,0.162,-1.001,-0.392,0.002,0.001,9730,12505,1,491,person,
theta,-0.813,0.17,-1.134,-0.497,0.002,0.001,10020,11585,1,261,person,
theta,0.645,0.148,0.37,0.925,0.002,0.001,9283,11177,1,1046,person,
theta,-0.724,0.165,-1.027,-0.411,0.002,0.001,11640,11248,1,878,person,
theta,-1.241,0.175,-1.563,-0.903,0.002,0.001,10173,12094,1,392,person,
theta,-0.1,0.157,-0.391,0.197,0.001,0.001,11676,12717,1,1070,person,
theta,1.554,0.162,1.253,1.864,0.002,0.001,7520,11941,1,1069,person,
theta,-1.646,0.16,-1.943,-1.339,0.002,0.001,6201,10763,1,1170,person,
theta,0.656,0.153,0.371,0.95,0.002,0.001,8581,11761,1,16,person,
theta,0.19,0.156,-0.107,0.478,0.001,0.001,12284,11550,1,823,person,
theta,-0.444,0.174,-0.763,-0.109,0.002,0.001,12954,12984,1,962,person,
theta,0.885,0.166,0.581,1.197,0.002,0.001,9900,11776,1,373,person,
theta,0.412,0.155,0.126,0.711,0.002,0.001,10282,11414,1,1006,person,
theta,-1.156,0.178,-1.494,-0.824,0.002,0.001,8638,12670,1,1064,person,
theta,1.026,0.155,0.741,1.328,0.002,0.001,8241,11605,1,824,person,
theta,0.768,0.157,0.478,1.063,0.002,0.001,8527,11382,1,986,person,
theta,0.647,0.154,0.353,0.934,0.002,0.001,9758,12269,1,25,person,
theta,1.197,0.161,0.896,1.499,0.002,0.001,8678,11170,1,134,person,
theta,0.756,0.171,0.419,1.06,0.002,0.001,12163,12078,1,320,person,
theta,0.71,0.176,0.385,1.046,0.002,0.001,11782,13032,1,59,person,
theta,1.136,0.161,0.837,1.438,0.002,0.001,8736,11933,1,1166,person,
theta,0.565,0.169,0.247,0.887,0.002,0.001,11513,10852,1,447,person,
theta,0.304,0.186,-0.04,0.659,0.002,0.002,14329,12257,1,1171,person,
theta,-1.36,0.178,-1.689,-1.02,0.002,0.001,9713,12770,1,340,person,
theta,0.52,0.163,0.198,0.811,0.002,0.001,9589,12184,1,184,person,
theta,-2.756,0.165,-3.072,-2.447,0.003,0.001,3892,8939,1,1075,person,
theta,1.039,0.152,0.761,1.328,0.002,0.001,7863,11343,1,879,person,
theta,-0.133,0.164,-0.435,0.181,0.002,0.001,10869,11885,1,972,person,
theta,0.242,0.185,-0.096,0.593,0.002,0.001,13116,13762,1,358,person,
theta,-0.048,0.167,-0.36,0.265,0.002,0.001,11270,12441,1,297,person,
theta,-0.384,0.167,-0.703,-0.074,0.001,0.001,13390,12413,1,160,person,
theta,0.155,0.159,-0.142,0.455,0.001,0.001,11836,12084,1,391,person,
theta,1.306,0.163,0.998,1.612,0.002,0.001,7656,10823,1,128,person,
theta,0.36,0.171,0.053,0.691,0.002,0.001,11473,12307,1,1131,person,
theta,0.295,0.147,0.016,0.573,0.002,0.001,9592,12520,1,900,person,
theta,0.695,0.163,0.397,1.01,0.001,0.001,12005,12880,1,76,person,
theta,0.717,0.169,0.404,1.037,0.002,0.001,10193,13129,1,695,person,
theta,0.364,0.156,0.08,0.666,0.002,0.001,10662,11369,1,603,person,
theta,0.841,0.171,0.521,1.163,0.002,0.002,11285,9189,1,885,person,
theta,-0.307,0.151,-0.6,-0.033,0.002,0.001,10053,11506,1,7,person,
theta,0.788,0.164,0.481,1.094,0.002,0.001,10032,10992,1,50,person,
theta,0.914,0.147,0.642,1.197,0.002,0.001,7290,11138,1,1174,person,
theta,0.947,0.167,0.642,1.275,0.002,0.001,10150,12896,1,624,person,
theta,-2.458,0.153,-2.74,-2.163,0.003,0.001,3352,8787,1,696,person,
theta,0.899,0.167,0.575,1.204,0.002,0.001,10580,11515,1,275,person,
theta,-1.187,0.185,-1.535,-0.839,0.002,0.002,11557,12398,1,971,person,
theta,1.064,0.168,0.758,1.392,0.002,0.001,8374,11047,1,34,person,
theta,0.692,0.156,0.396,0.977,0.002,0.001,8986,9540,1,968,person,
theta,0.206,0.166,-0.108,0.517,0.001,0.001,12851,13102,1,1119,person,
theta,0.753,0.186,0.406,1.105,0.002,0.002,13542,12163,1,1186,person,
theta,1.327,0.155,1.033,1.617,0.002,0.001,7307,10451,1,195,person,
theta,0.985,0.162,0.675,1.289,0.002,0.001,9520,10717,1,1113,person,
theta,-1.128,0.152,-1.411,-0.842,0.002,0.001,8051,11298,1,284,person,
theta,0.325,0.156,0.032,0.615,0.002,0.001,10192,13320,1,859,person,
theta,-0.092,0.159,-0.392,0.203,0.002,0.001,11206,12385,1,132,person,
theta,0.781,0.155,0.484,1.066,0.002,0.001,9188,11562,1,13,person,
theta,0.816,0.159,0.515,1.113,0.002,0.001,10259,13005,1,919,person,
theta,0.649,0.157,0.36,0.951,0.002,0.001,9660,11811,1,701,person,
theta,0.406,0.171,0.089,0.735,0.001,0.001,13866,11834,1,1168,person,
theta,-0.489,0.162,-0.796,-0.187,0.002,0.001,11550,12543,1,1182,person,
theta,-0.779,0.159,-1.075,-0.48,0.002,0.001,10611,12862,1,529,person,
theta,-1.733,0.162,-2.038,-1.43,0.002,0.001,5647,10846,1,754,person,
theta,-0.146,0.163,-0.458,0.153,0.001,0.001,14110,11800,1,102,person,
theta,0.566,0.148,0.292,0.85,0.002,0.001,9306,11805,1,567,person,
theta,0.752,0.156,0.458,1.047,0.002,0.001,9575,12448,1,322,person,
theta,0.982,0.158,0.677,1.278,0.002,0.001,8806,10157,1,1067,person,
theta,1.363,0.151,1.078,1.646,0.002,0.001,6483,12022,1,426,person,
theta,-0.898,0.173,-1.224,-0.574,0.002,0.001,11089,12051,1,1138,person,
theta,0.649,0.157,0.349,0.939,0.002,0.001,9414,11451,1,171,person,
theta,0.692,0.156,0.392,0.978,0.001,0.001,10881,11781,1,945,person,
theta,-0.052,0.163,-0.354,0.256,0.002,0.001,11759,12888,1,101,person,
theta,-1.006,0.177,-1.328,-0.662,0.002,0.001,9189,11939,1,643,person,
theta,0.648,0.155,0.353,0.932,0.001,0.001,10711,11542,1,1009,person,
theta,0.155,0.173,-0.175,0.474,0.001,0.001,13703,12527,1,190,person,
theta,1.212,0.152,0.915,1.486,0.002,0.001,6881,10763,1,665,person,
theta,0.766,0.162,0.467,1.07,0.002,0.001,10352,11411,1,1077,person,
theta,0.94,0.153,0.642,1.216,0.002,0.001,7810,10901,1,280,person,
theta,0.7,0.158,0.4,0.992,0.002,0.001,9618,12949,1,636,person,
theta,-2.55,0.147,-2.838,-2.285,0.003,0.001,2938,7809,1,955,person,
theta,0.444,0.166,0.135,0.76,0.001,0.001,15722,12588,1,905,person,
theta,0.247,0.162,-0.055,0.558,0.002,0.001,11276,12803,1,1118,person,
theta,0.164,0.162,-0.145,0.463,0.001,0.001,11884,11697,1,239,person,
theta,1.531,0.159,1.229,1.821,0.002,0.001,6962,11377,1,650,person,
theta,0.368,0.168,0.054,0.68,0.002,0.001,12092,11523,1,583,person,
theta,1.203,0.162,0.893,1.498,0.002,0.001,8518,9838,1,731,person,
theta,0.736,0.165,0.437,1.061,0.002,0.001,9806,12814,1,114,person,
theta,0.795,0.153,0.511,1.09,0.002,0.001,9435,11825,1,700,person,
theta,0.863,0.154,0.578,1.152,0.002,0.001,10430,10854,1,568,person,
theta,0.704,0.165,0.395,1.014,0.001,0.001,13393,12285,1,354,person,
theta,-0.139,0.171,-0.452,0.187,0.002,0.001,11257,12424,1,481,person,
theta,0.515,0.161,0.213,0.82,0.002,0.001,10914,12634,1,991,person,
theta,0.168,0.168,-0.153,0.476,0.001,0.001,13490,12175,1,49,person,
theta,0.276,0.162,-0.024,0.581,0.001,0.001,11675,12044,1,86,person,
theta,1.143,0.163,0.84,1.455,0.002,0.001,8854,11722,1,533,person,
theta,1.015,0.157,0.717,1.307,0.002,0.001,8459,12387,1,645,person,
theta,-2.642,0.152,-2.927,-2.358,0.003,0.001,3306,7302,1,829,person,
theta,0.736,0.163,0.433,1.047,0.002,0.001,10388,13265,1,648,person,
theta,0.656,0.149,0.364,0.924,0.002,0.001,8267,10532,1,327,person,
theta,-0.629,0.171,-0.936,-0.296,0.002,0.001,10925,13044,1,548,person,
theta,1.576,0.167,1.267,1.894,0.002,0.001,6216,9872,1,458,person,
theta,0.497,0.151,0.21,0.777,0.002,0.001,9850,10814,1,110,person,
theta,-0.288,0.17,-0.608,0.029,0.002,0.001,12217,12132,1,397,person,
theta,0.385,0.165,0.07,0.695,0.001,0.001,12181,12124,1,336,person,
theta,-0.758,0.182,-1.106,-0.429,0.002,0.001,12814,11555,1,1016,person,
theta,0.587,0.152,0.307,0.873,0.002,0.001,8684,10398,1,1098,person,
theta,0.845,0.154,0.559,1.133,0.002,0.001,10182,11581,1,743,person,
theta,0.468,0.17,0.145,0.786,0.002,0.001,12567,11156,1,657,person,
theta,-0.072,0.177,-0.409,0.256,0.001,0.001,13984,12406,1,702,person,
theta,-0.29,0.171,-0.614,0.024,0.002,0.001,11692,13122,1,591,person,
theta,0.402,0.144,0.13,0.667,0.002,0.001,8312,12335,1,820,person,
theta,0.509,0.152,0.231,0.801,0.002,0.001,10100,12107,1,1157,person,
theta,0.79,0.169,0.48,1.108,0.002,0.001,10972,12946,1,793,person,
theta,0.741,0.169,0.425,1.058,0.002,0.001,11258,12752,1,211,person,
theta,0.799,0.156,0.494,1.086,0.002,0.001,8819,11325,1,236,person,
theta,-2.605,0.167,-2.918,-2.291,0.003,0.001,3895,9476,1,55,person,
theta,1.448,0.149,1.171,1.731,0.002,0.001,5933,10364,1,124,person,
theta,1.047,0.167,0.732,1.359,0.002,0.001,9486,12040,1,802,person,
theta,1.165,0.165,0.857,1.478,0.002,0.001,8960,11997,1,965,person,
theta,-0.563,0.164,-0.872,-0.256,0.002,0.001,10692,12208,1,28,person,
theta,-0.187,0.164,-0.488,0.123,0.001,0.001,11942,11785,1,666,person,
theta,0.448,0.169,0.122,0.762,0.002,0.001,12067,11851,1,453,person,
theta,0.271,0.17,-0.043,0.592,0.002,0.001,11562,11100,1,1162,person,
theta,0.697,0.156,0.397,0.984,0.001,0.001,11429,13880,1,580,person,
theta,-0.593,0.154,-0.884,-0.303,0.002,0.001,9840,12334,1,582,person,
theta,0.464,0.156,0.159,0.748,0.001,0.001,11596,12464,1,1184,person,
theta,0.622,0.182,0.269,0.95,0.002,0.001,12181,12521,1,267,person,
theta,0.959,0.169,0.64,1.272,0.002,0.001,10376,11347,1,995,person,
theta,-0.413,0.174,-0.727,-0.071,0.002,0.001,12717,12492,1,817,person,
theta,0.672,0.156,0.369,0.954,0.002,0.001,9607,11942,1,441,person,
theta,0.806,0.155,0.518,1.101,0.002,0.001,9075,12610,1,298,person,
theta,0.412,0.151,0.126,0.69,0.001,0.001,10570,12534,1,6,person,
theta,0.7,0.175,0.362,1.023,0.002,0.001,11129,12424,1,600,person,
theta,-1.142,0.175,-1.462,-0.808,0.002,0.001,10352,12617,1,0,person,
theta,-1.093,0.166,-1.407,-0.779,0.002,0.001,9781,11658,1,209,person,
theta,1.194,0.163,0.89,1.502,0.002,0.001,8431,12855,1,451,person,
theta,0.603,0.143,0.342,0.879,0.002,0.001,8021,11674,1,868,person,
theta,0.655,0.148,0.373,0.926,0.002,0.001,9393,11605,1,448,person,
theta,1.301,0.164,0.993,1.609,0.002,0.001,8648,11886,1,301,person,
theta,-0.03,0.156,-0.319,0.269,0.001,0.001,11417,10834,1,492,person,
theta,0.105,0.18,-0.233,0.445,0.001,0.002,14899,12785,1,176,person,
theta,-0.066,0.177,-0.396,0.263,0.001,0.001,14522,11918,1,835,person,
theta,-0.207,0.161,-0.504,0.097,0.002,0.001,9551,11560,1,893,person,
theta,1.026,0.163,0.726,1.334,0.002,0.001,9896,11493,1,901,person,
theta,-1.055,0.179,-1.396,-0.723,0.002,0.002,11423,11873,1,495,person,
theta,0.8,0.167,0.498,1.122,0.002,0.001,11274,13059,1,199,person,
theta,0.565,0.162,0.27,0.879,0.002,0.001,10268,12682,1,1025,person,
theta,0.409,0.164,0.107,0.713,0.002,0.001,10442,12306,1,1161,person,
theta,0.224,0.153,-0.058,0.513,0.001,0.001,11586,12524,1,282,person,
theta,0.251,0.16,-0.042,0.563,0.002,0.001,10209,10165,1,1013,person,
theta,0.908,0.157,0.616,1.204,0.002,0.001,8466,12812,1,722,person,
theta,-0.465,0.148,-0.745,-0.189,0.001,0.001,10147,10748,1,678,person,
theta,-0.438,0.175,-0.755,-0.1,0.001,0.001,14258,13339,1,214,person,
theta,-2.242,0.167,-2.559,-1.935,0.003,0.001,3970,10602,1,1102,person,
theta,-2.681,0.146,-2.94,-2.39,0.003,0.001,2234,7190,1,376,person,
theta,-0.084,0.165,-0.385,0.237,0.002,0.001,10865,11984,1,713,person,
theta,1.035,0.151,0.746,1.312,0.002,0.001,8567,11212,1,1128,person,
theta,-2.771,0.164,-3.09,-2.471,0.003,0.001,3593,8695,1,913,person,
theta,-0.155,0.17,-0.484,0.153,0.002,0.001,11742,12086,1,948,person,
theta,0.203,0.186,-0.162,0.543,0.001,0.002,15758,12823,1,825,person,
theta,-0.792,0.176,-1.122,-0.461,0.002,0.001,11639,12018,1,395,person,
theta,1.068,0.151,0.789,1.357,0.002,0.001,7177,8961,1,1139,person,
theta,-0.487,0.163,-0.793,-0.184,0.001,0.001,12965,12104,1,253,person,
theta,-1.631,0.161,-1.943,-1.336,0.002,0.001,5777,9960,1,551,person,
theta,-0.178,0.163,-0.491,0.119,0.001,0.001,11905,12456,1,315,person,
theta,1.269,0.164,0.95,1.567,0.002,0.001,8797,12068,1,388,person,
theta,0.348,0.182,0.014,0.696,0.002,0.002,12209,11348,1,138,person,
theta,-0.762,0.188,-1.117,-0.415,0.002,0.002,12893,11820,1,270,person,
theta,-0.008,0.156,-0.306,0.281,0.001,0.001,12334,11855,1,679,person,
theta,0.3,0.155,-0.003,0.575,0.002,0.001,10425,12259,1,408,person,
theta,0.435,0.153,0.147,0.718,0.001,0.001,10989,10827,1,1155,person,
theta,-0.495,0.162,-0.811,-0.203,0.002,0.001,11051,12914,1,653,person,
theta,0.703,0.158,0.406,1.003,0.001,0.001,11435,12898,1,763,person,
theta,1.176,0.152,0.895,1.468,0.002,0.001,7384,11832,1,809,person,
theta,0.779,0.145,0.502,1.044,0.002,0.001,7209,12062,1,24,person,
theta,0.767,0.15,0.485,1.049,0.002,0.001,8068,11732,1,1071,person,
theta,-0.785,0.199,-1.163,-0.419,0.002,0.002,15874,13896,1,852,person,
theta,-2.49,0.15,-2.767,-2.202,0.003,0.001,2681,9485,1,210,person,
theta,-0.573,0.19,-0.927,-0.214,0.002,0.001,13403,13085,1,1181,person,
theta,0.547,0.161,0.254,0.857,0.002,0.001,9739,12484,1,264,person,
theta,1.411,0.163,1.106,1.717,0.002,0.001,7208,10951,1,278,person,
theta,0.802,0.15,0.526,1.086,0.002,0.001,7498,10894,1,557,person,
theta,-1.648,0.17,-1.963,-1.326,0.002,0.001,6673,9534,1,254,person,
theta,-0.322,0.17,-0.651,-0.005,0.002,0.001,12295,11263,1,1123,person,
theta,-0.1,0.174,-0.424,0.229,0.002,0.001,12816,11992,1,1068,person,
theta,1.058,0.155,0.764,1.347,0.002,0.001,9260,11779,1,94,person,
theta,-1.039,0.172,-1.358,-0.71,0.002,0.001,8267,11153,1,113,person,
theta,-0.22,0.176,-0.549,0.117,0.002,0.001,12858,12435,1,1037,person,
theta,0.925,0.174,0.595,1.247,0.002,0.001,10790,12325,1,337,person,
theta,1.444,0.157,1.147,1.741,0.002,0.001,7371,10890,1,460,person,
theta,-0.264,0.179,-0.595,0.085,0.002,0.002,12668,11970,1,83,person,
theta,0.438,0.18,0.098,0.769,0.002,0.001,13353,13235,1,470,person,
theta,0.837,0.157,0.543,1.131,0.002,0.001,9377,11884,1,1012,person,
theta,1.161,0.149,0.886,1.444,0.002,0.001,7953,11957,1,800,person,
theta,-0.013,0.184,-0.357,0.333,0.002,0.001,14769,12829,1,1059,person,
theta,0.609,0.162,0.303,0.909,0.002,0.001,9428,12639,1,616,person,
theta,0.932,0.169,0.621,1.258,0.002,0.001,9459,11960,1,204,person,
theta,-0.589,0.183,-0.926,-0.24,0.002,0.002,13216,13256,1,69,person,
theta,0.374,0.157,0.077,0.666,0.002,0.001,10092,11668,1,294,person,
theta,0.546,0.162,0.254,0.86,0.002,0.001,10510,11984,1,324,person,
theta,-0.306,0.156,-0.586,-0.007,0.001,0.001,10900,11925,1,577,person,
theta,0.541,0.153,0.254,0.834,0.001,0.001,11194,11431,1,605,person,
theta,-2.369,0.162,-2.677,-2.072,0.002,0.001,4416,9280,1,243,person,
theta,0.692,0.151,0.409,0.974,0.002,0.001,8950,12845,1,1096,person,
theta,1.437,0.156,1.148,1.729,0.002,0.001,7453,10557,1,240,person,
theta,0.315,0.187,-0.024,0.669,0.001,0.002,16740,13125,1,108,person,
theta,-0.696,0.175,-1.026,-0.37,0.002,0.001,11459,12619,1,372,person,
theta,0.087,0.172,-0.238,0.414,0.001,0.001,14334,12363,1,617,person,
theta,0.374,0.163,0.063,0.675,0.002,0.001,10969,12236,1,1106,person,
theta,0.466,0.155,0.178,0.762,0.002,0.001,9808,12539,1,813,person,
theta,-0.687,0.205,-1.067,-0.298,0.002,0.002,15976,12281,1,100,person,
theta,-0.946,0.145,-1.218,-0.674,0.002,0.001,6917,10191,1,308,person,
theta,0.04,0.171,-0.275,0.375,0.002,0.001,12283,12748,1,231,person,
theta,0.303,0.168,-0.015,0.617,0.001,0.001,13320,11779,1,1024,person,
theta,1.113,0.158,0.815,1.404,0.002,0.001,9559,11708,1,767,person,
theta,-0.426,0.171,-0.763,-0.118,0.002,0.001,11899,12355,1,1008,person,
theta,-0.488,0.17,-0.816,-0.176,0.002,0.002,11550,11525,1,840,person,
theta,1.179,0.18,0.845,1.521,0.002,0.002,9695,10660,1,685,person,
theta,-0.569,0.15,-0.854,-0.292,0.002,0.001,9762,10995,1,357,person,
theta,1.235,0.161,0.938,1.534,0.002,0.001,6952,10875,1,708,person,
theta,0.724,0.16,0.417,1.019,0.002,0.001,10350,11585,1,346,person,
theta,0.303,0.175,-0.024,0.633,0.001,0.001,13797,12970,1,381,person,
theta,0.804,0.164,0.493,1.106,0.002,0.001,10459,12066,1,189,person,
theta,0.689,0.153,0.394,0.97,0.002,0.001,10043,10746,1,192,person,
theta,0.785,0.16,0.486,1.089,0.002,0.001,8772,12521,1,1090,person,
theta,-0.889,0.149,-1.151,-0.591,0.002,0.001,7126,10177,1,762,person,
theta,0.846,0.154,0.555,1.134,0.002,0.001,8365,11800,1,213,person,
theta,-0.144,0.158,-0.441,0.151,0.001,0.001,13018,11680,1,437,person,
theta,-0.298,0.161,-0.605,0,0.001,0.001,11988,11941,1,1183,person,
theta,0.08,0.156,-0.201,0.382,0.001,0.001,11871,12585,1,794,person,
theta,0.096,0.173,-0.226,0.422,0.002,0.001,12658,12075,1,880,person,
theta,-0.058,0.16,-0.364,0.239,0.002,0.001,10752,12822,1,622,person,
theta,0.825,0.168,0.512,1.142,0.002,0.002,11205,10152,1,1121,person,
theta,-0.084,0.175,-0.416,0.242,0.001,0.002,13757,11686,1,625,person,
theta,0.26,0.163,-0.047,0.568,0.002,0.001,11060,12658,1,1073,person,
theta,-0.555,0.159,-0.851,-0.254,0.002,0.001,9936,13114,1,188,person,
theta,0.016,0.161,-0.277,0.328,0.001,0.001,12461,12478,1,547,person,
theta,0.573,0.188,0.215,0.923,0.002,0.002,10942,11638,1,303,person,
theta,0.535,0.162,0.236,0.845,0.001,0.001,12880,11838,1,523,person,
theta,-0.31,0.173,-0.633,0.015,0.001,0.001,14025,12856,1,983,person,
theta,-0.3,0.173,-0.633,0.013,0.002,0.001,11492,11123,1,904,person,
theta,-2.397,0.165,-2.695,-2.078,0.002,0.001,4764,9820,1,907,person,
theta,-2.515,0.152,-2.796,-2.224,0.003,0.001,3434,6706,1,615,person,
theta,-0.095,0.159,-0.398,0.2,0.002,0.001,11071,12520,1,1072,person,
theta,0.726,0.178,0.408,1.077,0.002,0.001,10467,11884,1,1007,person,
theta,1.394,0.163,1.092,1.711,0.002,0.001,7744,11676,1,1177,person,
theta,0.071,0.155,-0.206,0.38,0.002,0.001,10675,12822,1,979,person,
theta,0.886,0.166,0.58,1.203,0.002,0.001,11120,11391,1,504,person,
theta,-0.353,0.186,-0.7,-0.001,0.001,0.002,16939,12333,1,85,person,
theta,-1.718,0.16,-2.018,-1.421,0.002,0.001,5934,11181,1,635,person,
theta,1.124,0.16,0.815,1.416,0.002,0.001,8544,10318,1,661,person,
theta,-1.952,0.154,-2.248,-1.672,0.002,0.001,5358,10201,1,1140,person,
theta,-0.435,0.182,-0.765,-0.079,0.002,0.002,12063,12433,1,47,person,
theta,-0.371,0.18,-0.698,-0.018,0.001,0.002,15739,12071,1,928,person,
theta,-0.098,0.164,-0.412,0.205,0.001,0.001,12911,13185,1,463,person,
theta,0.439,0.165,0.13,0.751,0.002,0.001,11920,13152,1,792,person,
theta,-0.388,0.168,-0.712,-0.086,0.001,0.001,13136,12395,1,351,person,
theta,0.337,0.154,0.051,0.628,0.002,0.001,9838,13163,1,1036,person,
theta,1.026,0.155,0.742,1.328,0.002,0.001,7535,11362,1,1193,person,
theta,0.267,0.175,-0.069,0.587,0.001,0.001,13794,12611,1,1179,person,
theta,1.512,0.159,1.203,1.805,0.002,0.001,6504,10487,1,744,person,
theta,0.718,0.158,0.423,1.013,0.002,0.001,9994,11599,1,396,person,
theta,0.23,0.154,-0.065,0.511,0.002,0.001,9923,11878,1,501,person,
theta,-0.138,0.18,-0.475,0.2,0.002,0.002,13569,11019,1,356,person,
theta,1.061,0.166,0.746,1.374,0.002,0.001,9825,12381,1,259,person,
theta,0.591,0.176,0.257,0.918,0.002,0.001,13514,12753,1,352,person,
theta,0.938,0.146,0.667,1.215,0.002,0.001,7483,11776,1,943,person,
theta,0.954,0.16,0.645,1.25,0.002,0.001,8874,11598,1,148,person,
theta,-0.258,0.17,-0.571,0.072,0.001,0.001,13782,11028,1,843,person,
theta,-0.272,0.191,-0.637,0.079,0.001,0.002,16808,11790,1,427,person,
theta,0.425,0.162,0.124,0.735,0.002,0.001,11060,10186,1,967,person,
theta,-2.755,0.164,-3.07,-2.456,0.003,0.001,3270,8671,1,1087,person,
theta,-0.686,0.184,-1.031,-0.341,0.002,0.002,11660,12049,1,235,person,
theta,-0.109,0.176,-0.436,0.227,0.001,0.002,14603,13124,1,561,person,
theta,0.398,0.17,0.083,0.722,0.002,0.001,12025,11523,1,1015,person,
theta,0.242,0.171,-0.082,0.564,0.001,0.001,15757,12390,1,1189,person,
theta,-1.083,0.179,-1.425,-0.758,0.002,0.001,10427,12144,1,1031,person,
theta,0.802,0.153,0.517,1.098,0.002,0.001,8808,12077,1,846,person,
theta,0.002,0.167,-0.307,0.32,0.002,0.001,12228,11944,1,814,person,
theta,1.216,0.165,0.912,1.529,0.002,0.001,9339,11209,1,167,person,
theta,-0.586,0.158,-0.885,-0.296,0.002,0.001,10093,12214,1,571,person,
theta,0.44,0.145,0.171,0.714,0.001,0.001,10841,12359,1,91,person,
theta,0.741,0.164,0.438,1.055,0.002,0.001,10494,11950,1,1154,person,
theta,1.448,0.148,1.174,1.735,0.002,0.001,6573,10414,1,347,person,
theta,0.253,0.157,-0.038,0.553,0.001,0.001,11703,12782,1,1023,person,
theta,0.194,0.172,-0.122,0.523,0.002,0.001,12331,12451,1,593,person,
theta,0.999,0.169,0.678,1.314,0.002,0.001,9346,11335,1,65,person,
theta,1.091,0.161,0.798,1.4,0.002,0.001,8274,12020,1,1163,person,
theta,1.228,0.165,0.92,1.54,0.002,0.001,8124,11593,1,229,person,
theta,1.255,0.174,0.927,1.586,0.002,0.001,9951,12239,1,911,person,
theta,1.185,0.164,0.882,1.499,0.002,0.001,7608,10032,1,861,person,
theta,1.287,0.148,1.011,1.572,0.002,0.001,7084,9925,1,1133,person,
theta,0.836,0.154,0.537,1.116,0.002,0.001,9679,11358,1,191,person,
theta,1.013,0.157,0.711,1.301,0.002,0.001,8379,10141,1,10,person,
theta,1.14,0.156,0.852,1.437,0.002,0.001,7837,12046,1,949,person,
theta,1.196,0.153,0.898,1.476,0.002,0.001,7546,11488,1,127,person,
theta,0.93,0.169,0.621,1.25,0.002,0.001,10350,12363,1,881,person,
theta,0.129,0.183,-0.204,0.481,0.001,0.002,17636,11603,1,502,person,
theta,1.135,0.154,0.845,1.424,0.002,0.001,8046,12032,1,468,person,
theta,0.281,0.194,-0.075,0.651,0.002,0.002,15350,12267,1,1115,person,
theta,1.256,0.156,0.959,1.547,0.002,0.001,7804,11271,1,223,person,
theta,0.666,0.182,0.325,1.01,0.002,0.001,13993,13510,1,319,person,
theta,0.483,0.178,0.156,0.821,0.002,0.001,11671,11472,1,697,person,
theta,1.21,0.164,0.912,1.526,0.002,0.001,9141,11724,1,436,person,
theta,0.317,0.176,-0.015,0.644,0.002,0.001,11853,12966,1,115,person,
theta,0.676,0.167,0.373,1,0.002,0.001,9996,12630,1,384,person,
theta,0.551,0.158,0.261,0.85,0.002,0.001,9567,11737,1,1081,person,
theta,0.121,0.159,-0.171,0.426,0.001,0.001,11837,11780,1,1027,person,
theta,1.572,0.162,1.261,1.873,0.002,0.001,7238,11021,1,667,person,
theta,0.056,0.153,-0.222,0.356,0.001,0.001,11507,11243,1,909,person,
theta,0.636,0.159,0.326,0.923,0.002,0.001,10122,12171,1,1044,person,
theta,1.127,0.155,0.85,1.431,0.002,0.001,8682,12914,1,302,person,
theta,0.232,0.156,-0.056,0.527,0.002,0.001,10480,12800,1,1076,person,
theta,1.103,0.151,0.82,1.387,0.002,0.001,7610,11382,1,230,person,
theta,0.868,0.164,0.56,1.171,0.002,0.001,10381,11958,1,921,person,
theta,0.675,0.162,0.374,0.979,0.002,0.001,10532,12898,1,1178,person,
theta,1.049,0.162,0.738,1.347,0.002,0.001,9354,10857,1,729,person,
theta,-0.403,0.175,-0.745,-0.087,0.001,0.001,14195,12432,1,714,person,
theta,0.886,0.152,0.605,1.174,0.002,0.001,8186,10002,1,72,person,
theta,0.405,0.163,0.106,0.716,0.001,0.001,12030,12346,1,454,person,
theta,0.687,0.156,0.391,0.978,0.002,0.001,9023,11093,1,289,person,
theta,1.107,0.155,0.812,1.393,0.002,0.001,7431,11871,1,771,person,
theta,0.898,0.165,0.589,1.211,0.002,0.001,9070,12460,1,422,person,
theta,0.494,0.167,0.17,0.8,0.002,0.001,11020,11770,1,544,person,
theta,0.947,0.174,0.616,1.265,0.002,0.001,10673,12737,1,788,person,
theta,0.929,0.147,0.648,1.201,0.002,0.001,7027,10996,1,936,person,
theta,0.693,0.166,0.377,1,0.002,0.001,9868,10679,1,287,person,
theta,0.712,0.173,0.4,1.054,0.002,0.001,13137,12134,1,31,person,
theta,1.061,0.158,0.764,1.357,0.002,0.001,9093,12613,1,120,person,
theta,0.415,0.153,0.12,0.702,0.002,0.001,10308,11076,1,871,person,
theta,0.601,0.161,0.301,0.904,0.001,0.001,11861,12646,1,353,person,
theta,0.774,0.147,0.492,1.048,0.002,0.001,8293,12339,1,348,person,
theta,0.705,0.167,0.378,1.005,0.002,0.001,10107,11346,1,1039,person,
theta,1.323,0.152,1.041,1.614,0.002,0.001,7172,10343,1,1104,person,
theta,1.453,0.177,1.118,1.784,0.002,0.001,9046,10737,1,858,person,
